,active,cc.y,color,data.properties.date_end,data.properties.date_start,data.properties.name,data.properties.simil,data.type,hover,id,label,read_cam0:size,renderer1:size,selected,size,source,target,type
0,False,,#baaba3,,,,,registered address,False,833802,registered address,2,12.6191468896,,1,375491,500209,
1,False,,#d48a60,,,Shareholder,,is officer of,False,539174,Shareholder,2,12.6191468896,,1,375491,51918,
2,,,#d48a60,,03/05/2007,Shareholder,,is officer of,False,69523,Shareholder,2,12.6191468896,,1,667755,51918,
3,,,#8a6960,,,,,registered,False,725390,registered,2,12.6191468896,,1,582980,51918,
0,False,,#8a6960,,,,,registered,,674801,registered,2,12.6191468896,,1,588485,61851,
1,False,,#d48a60,,,Shareholder,,is officer of,,39315,Shareholder,2,12.6191468896,,1,455430,61851,
2,True,,#d48a60,,21/01/2009,Power of attorney,,is officer of,,69522,Power of attorney,2,12.6191468896,True,1,667754,61851,
0,False,,#baaba3,,,,,registered address,,255876,registered address,2,7.67308709675,,1,467936,525230,
1,False,,#8a6960,,,,,registered,,768215,registered,2,7.67308709675,,1,586932,16835,
2,,,#d48a60,,,Beneficiay,,is officer of,,62679,Beneficiay,2,7.67308709675,,1,662786,16835,
3,,,#d48a60,,,Beneficial Owner,,is officer of,,68550,Beneficial Owner,2,7.67308709675,,1,467936,16835,curvedArrow
4,,,#d48a60,,,Shareholder,,is officer of,,428634,Shareholder,2,7.67308709675,,1,467931,16835,
5,,,#d48a60,,,Shareholder,,is officer of,,428635,Shareholder,2,7.67308709675,,1,467933,16835,
6,,,#d48a60,,,Shareholder,,is officer of,,428636,Shareholder,2,7.67308709675,,1,467932,16835,
7,,,#d48a60,,,Shareholder,,is officer of,,428637,Shareholder,2,7.67308709675,,1,467934,16835,
8,,2.0,#d48a60,,,Shareholder,,is officer of,,428638,Shareholder,2,7.67308709675,,1,467936,16835,curvedArrow
9,,,#d48a60,,,Shareholder,,is officer of,,428639,Shareholder,2,7.67308709675,,1,344591,16835,
10,,,#d48a60,,,Shareholder,,is officer of,,428640,Shareholder,2,7.67308709675,,1,467930,16835,
0,False,,#8a6960,,,,,registered,False,633114,registered,2,11.2211147876,,1,586541,33065,
1,False,,#8a6960,,,,,registered,False,794699,registered,2,11.2211147876,,1,586541,142697,
2,False,,#baaba3,,,,,registered address,False,866313,registered address,2,11.2211147876,,1,499449,576128,
3,False,,#baaba3,,,,,registered address,False,247339,registered address,2,11.2211147876,,1,499532,541420,
4,False,,#baaba3,,,,,registered address,False,836097,registered address,2,11.2211147876,,1,499500,541419,
5,False,,#d48a60,,,Director,,is officer of,False,68578,Director,2,11.2211147876,,1,499449,142697,curvedArrow
6,False,,#d48a60,,,Director,,is officer of,False,68579,Director,2,11.2211147876,,1,499449,33065,
7,False,,#d48a60,,,Shareholder,,is officer of,False,490929,Shareholder,2,11.2211147876,,1,497961,142697,
8,False,,#d48a60,,,Shareholder,,is officer of,False,490930,Shareholder,2,11.2211147876,,1,499531,142697,
9,False,,#d48a60,,,Shareholder,,is officer of,False,490931,Shareholder,2,11.2211147876,,1,499532,142697,
10,False,,#d48a60,,,Shareholder,,is officer of,False,490932,Shareholder,2,11.2211147876,,1,499500,142697,
11,False,2.0,#d48a60,,,Shareholder,,is officer of,,490933,Shareholder,2,11.2211147876,,1,499449,142697,curvedArrow
12,False,,#d48a60,,,Shareholder,,is officer of,False,438564,Shareholder,2,11.2211147876,,1,358328,33065,
0,False,,#d48a60,,,Connected,,is officer of,,69546,is officer of,2,10.6015859239,,1,667772,183324,
1,False,,#d48a60,2005,,Connected,,is officer of,,69547,is officer of,2,10.6015859239,,1,667772,221347,
2,False,,#d48a60,,,First beneficiary,,is officer of,,69548,is officer of,2,10.6015859239,,1,667772,168837,
3,False,,#d48a60,,11/08/2013,Shareholder (through Julex Foundation),,is officer of,,69549,is officer of,2,10.6015859239,,1,667772,252265,
4,False,,#8a6960,,,,,registered,,623940,registered,2,10.6015859239,,1,593777,252265,
5,False,,#8a6960,,,,,registered,,639749,registered,2,10.6015859239,,1,593777,221347,
6,False,,#8a6960,,,,,registered,,763189,registered,2,10.6015859239,,1,593777,168837,
7,False,,#d48a60,,,Shareholder,,is officer of,,590416,is officer of,2,10.6015859239,,1,432771,221347,
0,False,,#baaba3,,,,,registered address,False,825524,registered address,2,7.96050229436,,1,359341,547269,
1,False,,#baaba3,,,,,registered address,False,259976,registered address,2,7.96050229436,,1,360057,547269,
2,False,,#8a6960,,,,,registered,False,713873,registered,2,7.96050229436,,1,591662,264048,
3,False,,#8a6960,,,,,registered,False,717569,registered,2,7.96050229436,,1,591662,285117,
4,False,,#8a6960,,,,,registered,False,808621,registered,2,7.96050229436,,1,591662,65126,
5,False,,#8a6960,,,,,registered,False,721700,registered,2,7.96050229436,,1,591662,218731,
6,False,,#8a6960,,,,,registered,False,728260,registered,2,7.96050229436,,1,591662,284439,
7,False,,#8a6960,,,,,registered,False,734823,registered,2,7.96050229436,,1,591662,8422,
8,False,,#d48a60,,,Shareholder,,is officer of,,396527,Shareholder,2,7.96050229436,,1,360057,285117,
9,,,#d48a60,,,Shareholder,,is officer of,,26234,Shareholder,2,7.96050229436,,1,359341,284439,
10,,,#d48a60,,,Shareholder,,is officer of,False,449185,Shareholder,2,7.96050229436,,1,359341,12465,
11,,,#d48a60,,,Shareholder,,is officer of,False,532243,Shareholder,2,7.96050229436,,1,359341,264048,
12,,,#d48a60,,,Shareholder,,is officer of,,537915,Shareholder,2,7.96050229436,,1,359341,218731,
13,,,#d48a60,,,Shareholder,,is officer of,False,543075,Shareholder,2,7.96050229436,,1,359341,8422,
14,,,#d48a60,,,Shareholder,,is officer of,,561268,Shareholder,2,7.96050229436,,1,359341,65126,
15,,,#8a6960,,,,,registered,False,744482,registered,2,7.96050229436,,1,591662,12465,
0,False,,#8a6960,,,,,registered,False,664749,registered,2,12.6191468896,,1,588084,70846,
1,,,#baaba3,,,,,registered address,False,298079,registered address,2,12.6191468896,,1,306932,558959,
2,,,#d48a60,,,Shareholder,,is officer of,False,471759,Shareholder,2,12.6191468896,,1,306932,70846,
0,False,,#d48a60,,06/03/2002,Power of Attorney,,is officer of,False,69479,is officer of,2,11.4599971211,,1,667747,144669,
1,False,,#d48a60,,06/03/2002,Power of Attorney,,is officer of,False,69480,is officer of,2,11.4599971211,,1,667747,163792,
2,False,,#d48a60,,,Shareholder,,is officer of,,562506,is officer of,2,11.4599971211,,1,475992,144669,
3,False,,#8a6960,,,,,registered,False,792288,registered,2,11.4599971211,,1,583355,144669,
4,False,,#8a6960,,,,,registered,False,793752,registered,2,11.4599971211,,1,583355,163792,
5,False,,#d48a60,,,Shareholder,,is officer of,,559355,is officer of,2,11.4599971211,,1,403398,163792,
0,False,,#baaba3,,,,,registered address,False,272759,registered address,2,7.21134864436,,1,398871,552278,
1,False,,#baaba3,,,,,registered address,False,334113,registered address,2,7.21134864436,,1,659363,552278,
2,False,,#8a6960,,,,,registered,False,810424,registered,2,7.21134864436,,1,593661,222385,
3,False,,#d48a60,,,,1.0,has similar name and address as,False,881291,has similar name and address as,2,7.21134864436,,1,398871,659363,
4,False,,#d48a60,,,Beneficiary,,is officer of,False,59129,Beneficiary,2,7.21134864436,,1,659363,222385,
5,False,,#d48a60,,,Director and shareholder,,is officer of,False,68547,Director and shareholder,2,7.21134864436,,1,398871,222385,curvedArrow
6,False,,#baaba3,,,,,registered address,False,240157,registered address,2,7.21134864436,,1,398870,542578,
7,False,,#d48a60,,,,1.0,has similar name and address as,False,344850,has similar name and address as,2,7.21134864436,,1,320219,393432,
8,False,,#d48a60,,,,1.0,has similar name and address as,False,356147,has similar name and address as,2,7.21134864436,,1,398870,320219,
9,False,,#d48a60,,,,1.0,has similar name and address as,False,360588,has similar name and address as,2,7.21134864436,,1,398870,393432,
10,False,,#d48a60,,,Shareholder,,is officer of,False,579349,Shareholder,2,7.21134864436,,1,398870,222385,
11,False,,#d48a60,,,Shareholder,,is officer of,False,579350,Shareholder,2,7.21134864436,,1,398869,222385,
12,False,2.0,#d48a60,,,Shareholder,,is officer of,False,579351,Shareholder,2,7.21134864436,,1,398871,222385,curvedArrow
13,False,,#baaba3,,,,,registered address,False,862715,registered address,2,7.21134864436,,1,398869,542578,
14,False,,#baaba3,,,,,registered address,False,268758,registered address,2,7.21134864436,,1,320219,542567,
15,False,,#d48a60,,,Shareholder,,is officer of,False,389076,Shareholder,2,7.21134864436,,1,320219,227328,
16,False,,#d48a60,,,Shareholder,,is officer of,False,514862,Shareholder,2,7.21134864436,,1,320219,32340,
17,False,,#8a6960,,,,,registered,False,746812,registered,2,7.21134864436,,1,593661,227328,
18,,,#baaba3,,,,,registered address,False,283477,registered address,2,7.21134864436,,1,393432,542569,
19,,,#d48a60,,,Shareholder,,is officer of,,453454,Shareholder,2,7.21134864436,,1,393432,246682,
20,,,#8a6960,,,,,registered,,748877,registered,2,7.21134864436,,1,593661,246682,
0,False,,#8a6960,,,,,registered,False,725320,registered,2,4.94798860687,,1,583363,118187,
1,False,,#8a6960,,,,,registered,False,737165,registered,2,4.94798860687,,1,583363,186424,
2,False,,#8a6960,,,,,registered,False,740032,registered,2,4.94798860687,,1,583363,114292,
3,False,,#8a6960,,,,,registered,False,745631,registered,2,4.94798860687,,1,583363,195448,
4,False,,#8a6960,,,,,registered,False,766917,registered,2,4.94798860687,,1,583363,211515,
5,False,,#8a6960,,,,,registered,False,770141,registered,2,4.94798860687,,1,583363,225354,
6,False,,#baaba3,,,,,registered address,False,234808,registered address,2,4.94798860687,,1,375778,523735,
7,False,,#baaba3,,,,,registered address,False,246629,registered address,2,4.94798860687,,1,375777,523735,
8,False,,#baaba3,,,,,registered address,False,286853,registered address,2,4.94798860687,,1,375783,547603,
9,False,,#baaba3,,,,,registered address,False,307286,registered address,2,4.94798860687,,1,375781,523735,
10,False,,#baaba3,,,,,registered address,False,313595,registered address,2,4.94798860687,,1,375780,523735,
11,False,,#d48a60,,,,1.0,has similar name and address as,False,348432,has similar name and address as,2,4.94798860687,,1,375779,393287,
12,False,,#baaba3,,,,,registered address,False,818075,registered address,2,4.94798860687,,1,375779,523735,
13,False,,#baaba3,,,,,registered address,False,834689,registered address,2,4.94798860687,,1,375782,523735,
14,False,,#baaba3,,,,,registered address,False,863290,registered address,2,4.94798860687,,1,375776,514762,
15,False,,#baaba3,,,,,registered address,False,294613,registered address,2,4.94798860687,,1,393288,557142,
16,False,,#baaba3,,,,,registered address,False,820607,registered address,2,4.94798860687,,1,393287,523734,
17,False,,#baaba3,,,,,registered address,False,301817,registered address,2,4.94798860687,,1,388661,535773,
18,False,,#baaba3,,,,,registered address,False,243704,registered address,2,4.94798860687,,1,396540,547594,
19,False,,#d48a60,,15/12/2008,Beneficial Owner,,is officer of,False,69483,Beneficial Owner,2,4.94798860687,,1,667751,225354,
20,False,,#d48a60,,23/06/2010,Beneficial Owner,,is officer of,False,69484,Beneficial Owner,2,4.94798860687,,1,667751,211515,
21,False,,#d48a60,,21/05/2007,Director,,is officer of,False,69485,Director,2,4.94798860687,,1,667751,118187,
22,False,,#d48a60,,27/04/2009,Director,,is officer of,False,69486,Director,2,4.94798860687,,1,667751,186424,
23,False,,#d48a60,07/06/2010,11/01/2010,Director / Shareholder,,is officer of,False,69487,Director / Shareholder,2,4.94798860687,,1,667751,195448,
24,False,,#d48a60,,01/07/2010,Power of Attorney,,is officer of,False,69488,Power of Attorney,2,4.94798860687,,1,667751,114292,
25,False,,#d48a60,,,Shareholder,,is officer of,False,430172,Shareholder,2,4.94798860687,,1,393287,195448,
26,False,,#d48a60,,,Shareholder,,is officer of,False,430173,Shareholder,2,4.94798860687,,1,393288,195448,
27,False,,#d48a60,,,Shareholder,,is officer of,False,429125,Shareholder,2,4.94798860687,,1,396540,114292,
28,False,,#d48a60,,,Shareholder,,is officer of,False,560945,Shareholder,2,4.94798860687,,1,388661,186424,
29,False,,#d48a60,,,Shareholder,,is officer of,False,21551,Shareholder,2,4.94798860687,,1,375777,118187,
30,False,,#d48a60,,,Shareholder,,is officer of,False,21552,Shareholder,2,4.94798860687,,1,375783,118187,
31,False,,#d48a60,,,Shareholder,,is officer of,False,21553,Shareholder,2,4.94798860687,,1,375779,118187,
32,False,,#d48a60,,,Shareholder,,is officer of,False,21554,Shareholder,2,4.94798860687,,1,375776,118187,
33,False,,#d48a60,,,Shareholder,,is officer of,,21555,Shareholder,2,4.94798860687,,1,375780,118187,
34,False,,#d48a60,,,Shareholder,,is officer of,,21556,Shareholder,2,4.94798860687,,1,375778,118187,
35,False,,#d48a60,,,Shareholder,,is officer of,False,21557,Shareholder,2,4.94798860687,,1,375782,118187,
36,False,,#d48a60,,,Shareholder,,is officer of,,21558,Shareholder,2,4.94798860687,,1,375781,118187,
0,False,,#8a6960,,,,,registered,False,667240,registered,2,12.6191468896,,1,581722,106064,
1,False,,#d48a60,,,Shareholder,,is officer of,False,450377,Shareholder,2,12.6191468896,,1,437636,106064,
2,False,,#d48a60,,2005,Authorized signatory,,is officer of,False,69453,Authorized signatory,2,12.6191468896,,1,667732,106064,
0,False,,#8a6960,,,,,registered,False,654247,registered,2,12.6191468896,,1,585403,74711,
1,False,,#8a6960,,,,,registered,False,745271,registered,2,12.6191468896,,1,585403,17197,
2,False,,#baaba3,,,,,registered address,,868162,registered address,2,12.6191468896,,1,378028,559279,
3,False,,#d48a60,,,Power of Attorney,,is officer of,,68539,Power of Attorney,2,12.6191468896,,1,378028,74711,
4,False,,#d48a60,,,Shareholder,,is officer of,,68540,Shareholder,2,12.6191468896,,1,378028,17197,curvedArrow
5,False,2.0,#d48a60,,,Shareholder,,is officer of,,542868,Shareholder,2,12.6191468896,,1,378028,17197,curvedArrow
6,,,#d48a60,,,Shareholder,,is officer of,,847759,Shareholder,2,12.6191468896,,1,447863,74711,
0,False,,#d48a60,,,Power of Attorney,,is officer of,,69471,is officer of,2,12.6191468896,,1,667741,214444,
1,False,,#d48a60,,,Shareholder,,is officer of,,580829,is officer of,2,12.6191468896,,1,394864,214444,
2,False,,#8a6960,,,,,registered,,749041,registered,2,12.6191468896,,1,583897,214444,
3,False,,#baaba3,,,,,registered address,,296167,registered address,2,12.6191468896,,1,394864,531666,
0,False,,#8a6960,,,,,registered,,769765,registered,2,12.6191468896,,1,589434,276906,
1,False,,#d48a60,,,Shareholder,,is officer of,False,34594,Shareholder,2,12.6191468896,,1,649207,276906,
2,False,,#d48a60,,,Shareholder,,is officer of,False,34595,Shareholder,2,12.6191468896,,1,452419,276906,
3,False,,#d48a60,,,Beneficial Owner,,is officer of,False,69533,Beneficial Owner,2,12.6191468896,,1,667762,276906,
0,False,,#8a6960,,,,,registered,False,705024,registered,2,12.6191468896,,1,589972,208754,
1,False,,#8a6960,,,,,registered,False,728587,registered,2,12.6191468896,,1,589972,13637,
2,False,,#baaba3,,,,,registered address,False,260153,registered address,2,12.6191468896,,1,387401,524288,
3,False,,#8a6960,,,,,registered,False,739305,registered,2,12.6191468896,,1,582684,121701,
4,False,,#d48a60,,,Shareholder,,is officer of,False,24387,Shareholder,2,12.6191468896,,1,387401,121701,
5,False,,#d48a60,04/05/2004,01/10/2002,Director,,is officer of,False,69460,Director,2,12.6191468896,,1,667736,208754,
0,False,,#8a6960,,,,,registered,,763271,registered,2,12.6191468896,,1,590963,225723,
1,False,,#8a6960,,,,,registered,,634481,registered,2,12.6191468896,,1,590963,220441,
2,False,,#d48a60,,01/03/2005,Protector,,is officer of,False,69526,Protector,2,12.6191468896,,1,667759,225723,
3,False,,#d48a60,,30/04/2004,"Beneficiary, shareholder and director",,is officer of,False,69529,"Beneficiary, shareholder and director",2,12.6191468896,,1,667760,225723,
4,False,,#d48a60,,30/04/2004,"Beneficiary, shareholder and director",,is officer of,False,69532,"Beneficiary, shareholder and director",2,12.6191468896,,1,667761,225723,
0,False,,#d48a60,,,Owner,,is officer of,False,69550,is officer of,2,9.27839025449,,1,667773,177503,
1,False,,#d48a60,,,Owner,,is officer of,False,69551,is officer of,2,9.27839025449,,1,667773,157549,
2,False,,#d48a60,,,Owner,,is officer of,,69552,is officer of,2,9.27839025449,,1,667773,39850,
3,False,,#d48a60,,,Shareholder,,is officer of,,566360,is officer of,2,9.27839025449,,1,389623,157549,
4,False,,#d48a60,,,Shareholder,,is officer of,False,566361,is officer of,2,9.27839025449,,1,389622,157549,
5,False,,#8a6960,,,,,registered,False,726626,registered,2,9.27839025449,,1,584227,177503,
6,False,,#8a6960,,,,,registered,,742371,registered,2,9.27839025449,,1,584227,157549,
7,False,,#8a6960,,,,,registered,,745702,registered,2,9.27839025449,,1,584227,39850,
8,False,,#d48a60,,,Beneficiay,,is officer of,False,55145,is officer of,2,9.27839025449,,1,653205,39850,
9,False,,#d48a60,,,Shareholder,,is officer of,,533306,is officer of,2,9.27839025449,,1,368961,177503,
10,False,,#d48a60,,,Shareholder,,is officer of,False,570557,is officer of,2,9.27839025449,,1,352198,39850,
11,False,,#d48a60,,,Shareholder,,is officer of,False,570558,is officer of,2,9.27839025449,,1,368961,39850,
12,,,#d48a60,,,,1.0,has similar name and address as,,368111,has similar name and address as,2,9.27839025449,,1,352198,370603,
13,,,#d48a60,,,Shareholder,,is officer of,False,533304,is officer of,2,9.27839025449,,1,370603,177503,
14,,,#d48a60,,,Shareholder,,is officer of,False,533305,is officer of,2,9.27839025449,,1,368797,177503,
15,,,#d48a60,,,Shareholder,,is officer of,,533307,is officer of,2,9.27839025449,,1,372406,177503,
0,False,,#d48a60,,28/11/2006,Power of attorney,,is officer of,,69545,is officer of,2,12.6191468896,,1,667771,263991,
1,False,,#d48a60,,,Shareholder,,is officer of,,536667,is officer of,2,12.6191468896,,1,339983,263991,
2,False,,#d48a60,,,Shareholder,,is officer of,,536668,is officer of,2,12.6191468896,,1,371860,263991,
3,False,,#8a6960,,,,,registered,,808088,registered,2,12.6191468896,,1,587991,263991,
0,False,,#d48a60,,,Shareholder,,is officer of,,21530,Shareholder,2,12.6191468896,,1,471887,93485,
1,False,,#baaba3,,,,,registered address,,296001,registered address,2,12.6191468896,,1,471887,527668,
2,False,,#8a6960,,,,,registered,,778904,registered,2,12.6191468896,,1,583577,93485,
0,False,,#8a6960,,,,,registered,False,725959,registered,2,12.6191468896,,1,592190,285895,
1,False,,#d48a60,,,Beneficiay,,is officer of,False,61601,Beneficiay,2,12.6191468896,,1,659151,285895,
2,False,,#d48a60,,,Beneficial Owner,,is officer of,False,69450,Beneficial Owner,2,12.6191468896,,1,667730,285895,
3,False,,#d48a60,,,Shareholder,,is officer of,False,402200,Shareholder,2,12.6191468896,,1,365987,285895,
4,False,,#baaba3,,,,,registered address,False,336072,registered address,2,12.6191468896,,1,659151,666689,
5,,,#d48a60,,,Shareholder,,is officer of,False,402201,Shareholder,2,12.6191468896,,1,365988,285895,
0,False,,#8a6960,,,,,registered,False,772404,registered,2,12.6191468896,,1,586245,601885,
1,,,#d48a60,,,Beneficiay,,is officer of,,57441,Beneficiay,2,12.6191468896,,1,654634,601885,
2,,,#d48a60,,10/07/2015,Beneficial Owner,,is officer of,False,69541,Beneficial Owner,2,12.6191468896,,1,667767,601885,
0,False,,#8a6960,,,,,registered,False,689942,registered,2,2.46331093727,,1,582818,173963,
1,False,,#8a6960,,,,,registered,False,784206,registered,2,2.46331093727,,1,582818,1314,
2,False,,#8a6960,,,,,registered,False,787070,registered,2,2.46331093727,,1,582818,8131,
3,False,,#8a6960,,,,,registered,False,787327,registered,2,2.46331093727,,1,582818,280700,
4,False,,#baaba3,,,,,registered address,False,241640,registered address,2,2.46331093727,,1,464829,535279,
5,False,,#8a6960,,,,,registered,False,762043,registered,2,2.46331093727,,1,586404,62330,
6,False,,#8a6960,,,,,registered,False,763379,registered,2,2.46331093727,,1,586404,226781,
7,False,,#8a6960,,,,,registered,False,764892,registered,2,2.46331093727,,1,586404,190927,
8,False,,#8a6960,,,,,registered,False,769433,registered,2,2.46331093727,,1,586404,117432,
9,False,,#baaba3,,,,,registered address,False,826955,registered address,2,2.46331093727,,1,464828,535279,
10,False,,#baaba3,,,,,registered address,,327779,registered address,2,2.46331093727,,1,652036,535279,
11,False,,#baaba3,,,,,registered address,,330718,registered address,2,2.46331093727,,1,653905,535279,
12,False,,#d48a60,,,,1.0,has similar name and address as,,841342,has similar name and address as,2,2.46331093727,,1,464829,652036,
13,False,,#d48a60,,,,1.0,has similar name and address as,False,879410,has similar name and address as,2,2.46331093727,,1,464828,653905,
14,False,,#d48a60,,,Beneficiay,,is officer of,False,51088,Beneficiay,2,2.46331093727,,1,652036,226781,
15,False,,#d48a60,,,Beneficiay,,is officer of,False,54813,Beneficiay,2,2.46331093727,,1,653905,226781,
16,False,,#d48a60,,,Director / Beneficial Owner,,is officer of,False,68487,Director / Beneficial Owner,2,2.46331093727,,1,464829,280700,
17,False,,#d48a60,,,Director / Beneficial Owner,,is officer of,False,68488,Director / Beneficial Owner,2,2.46331093727,,1,464829,8131,
18,False,,#d48a60,,,Director / Beneficial Owner,,is officer of,False,68489,Director / Beneficial Owner,2,2.46331093727,,1,464829,173963,
19,False,,#d48a60,,,Director / Beneficial Owner,,is officer of,False,68490,Director / Beneficial Owner,2,2.46331093727,,1,464829,1314,
20,False,,#d48a60,,,Power of Attorney,,is officer of,False,68491,Power of Attorney,2,2.46331093727,,1,464829,117432,
21,False,,#d48a60,,,Power of Attorney,,is officer of,False,68492,Power of Attorney,2,2.46331093727,,1,464829,190927,curvedArrow
22,False,,#d48a60,,,Power of Attorney,,is officer of,False,68493,Power of Attorney,2,2.46331093727,,1,464829,62330,
23,False,,#d48a60,,,Power of Attorney / Shareholder,,is officer of,,68494,Power of Attorney / Shareholder,2,2.46331093727,,1,464829,226781,curvedArrow
24,False,,#d48a60,,,Owner,,is officer of,,68570,Owner,2,2.46331093727,,1,464828,190927,curvedArrow
25,False,,#d48a60,,,Owner,,is officer of,False,68571,Owner,2,2.46331093727,,1,464828,226781,curvedArrow
26,False,,#d48a60,,,Owner,,is officer of,,68573,Owner,2,2.46331093727,,1,417090,190927,
27,False,,#d48a60,,,Owner,,is officer of,,68574,Owner,2,2.46331093727,,1,417090,226781,
28,False,2.0,#d48a60,,,Shareholder,,is officer of,False,450557,Shareholder,2,2.46331093727,,1,464828,190927,curvedArrow
29,False,2.0,#d48a60,,,Shareholder,,is officer of,False,450561,Shareholder,2,2.46331093727,,1,464829,190927,curvedArrow
30,False,2.0,#d48a60,,,Shareholder,,is officer of,False,602503,Shareholder,2,2.46331093727,,1,464828,226781,curvedArrow
31,False,2.0,#d48a60,,,Shareholder,,is officer of,,602504,Shareholder,2,2.46331093727,,1,464829,226781,curvedArrow
32,False,,#d48a60,,,Shareholder,,is officer of,False,602505,Shareholder,2,2.46331093727,,1,465036,226781,
33,False,,#d48a60,,,Shareholder,,is officer of,,602506,Shareholder,2,2.46331093727,,1,465033,226781,
34,False,,#d48a60,,,Shareholder,,is officer of,,602507,Shareholder,2,2.46331093727,,1,465035,226781,
35,False,,#d48a60,,,Shareholder,,is officer of,,602508,Shareholder,2,2.46331093727,,1,465034,226781,
36,False,,#d48a60,,,Shareholder,,is officer of,,40185,Shareholder,2,2.46331093727,,1,462903,117432,
37,False,,#d48a60,,,Shareholder,,is officer of,,40186,Shareholder,2,2.46331093727,,1,462904,117432,
38,False,,#d48a60,,,Shareholder,,is officer of,,40187,Shareholder,2,2.46331093727,,1,462905,117432,
39,False,,#d48a60,,,Shareholder,,is officer of,,40188,Shareholder,2,2.46331093727,,1,462902,117432,
40,False,,#d48a60,,,Shareholder,,is officer of,,404840,Shareholder,2,2.46331093727,,1,463062,62330,
41,False,,#d48a60,,,Shareholder,,is officer of,False,404841,Shareholder,2,2.46331093727,,1,463063,62330,
42,False,,#d48a60,,,Shareholder,,is officer of,False,404842,Shareholder,2,2.46331093727,,1,463064,62330,
43,False,,#d48a60,,,Shareholder,,is officer of,False,404843,Shareholder,2,2.46331093727,,1,463065,62330,
44,,,#d48a60,,,Shareholder,,is officer of,,450558,Shareholder,2,2.46331093727,,1,464824,190927,
45,,,#d48a60,,,Shareholder,,is officer of,False,450559,Shareholder,2,2.46331093727,,1,464827,190927,
46,,,#d48a60,,,Shareholder,,is officer of,,450560,Shareholder,2,2.46331093727,,1,464826,190927,
47,,,#d48a60,,,Shareholder,,is officer of,False,450562,Shareholder,2,2.46331093727,,1,464825,190927,
0,,,#8a6960,,,,,registered,,707300,registered,2,12.3380253523,,1,589835,110439,
1,,,#8a6960,,,,,registered,False,721692,registered,2,12.3380253523,,1,589835,47771,
2,,,#8a6960,,,,,registered,,735060,registered,2,12.3380253523,,1,589835,59391,
3,,,#baaba3,,,,,registered address,,296976,registered address,2,12.3380253523,,1,387354,549590,
4,,,#baaba3,,,,,registered address,,328917,registered address,2,12.3380253523,,1,651789,549590,
5,,,#d48a60,,,Beneficiay,,is officer of,,52602,Beneficiay,2,12.3380253523,,1,651789,59391,
6,,,#d48a60,,,Director,,is officer of,False,68433,Director,2,12.3380253523,,1,387354,47771,
7,,,#d48a60,,,Shareholder,,is officer of,,466351,Shareholder,2,12.3380253523,,1,387354,59391,
8,,,#d48a60,,,Director,,is officer of,,68434,Director,2,12.3380253523,,1,354638,47771,
9,,,#d48a60,,,Shareholder,,is officer of,,843681,Shareholder,2,12.3380253523,,1,457744,110439,
10,,,#d48a60,,,Shareholder,,is officer of,,843682,Shareholder,2,12.3380253523,,1,457745,110439,
11,,,#d48a60,,,Shareholder,,is officer of,False,843683,Shareholder,2,12.3380253523,,1,354638,110439,
0,False,,#baaba3,,,,,registered address,False,316570,registered address,2,11.2273054514,,1,403062,531816,
1,False,,#d48a60,,,Shareholder,,is officer of,False,422840,Shareholder,2,11.2273054514,,1,403062,242337,
2,,,#d48a60,,20/05/2011,Shareholder,,is officer of,False,69524,Shareholder,2,11.2273054514,,1,667756,242337,
3,,,#8a6960,,,,,registered,False,810485,registered,2,11.2273054514,,1,585616,242337,
0,False,,#baaba3,,,,,registered address,False,275073,registered address,2,6.94215775982,,1,387963,538747,
1,False,,#d48a60,,,Shareholder,,is officer of,False,417240,Shareholder,2,6.94215775982,,1,387963,119258,
2,False,,#d48a60,,,Shareholder,,is officer of,False,422677,Shareholder,2,6.94215775982,,1,387963,180086,
3,False,,#8a6960,,,,,registered,False,743257,registered,2,6.94215775982,,1,594021,180086,
4,False,,#8a6960,,,,,registered,False,744321,registered,2,6.94215775982,,1,594021,119258,
0,,,#d48a60,,,Beneficiary,,is officer of,,56712,is officer of,2,3.26966553075,,1,653764,76642,
1,,,#d48a60,,29/11/1999,Sole signatory,,is officer of,,69517,is officer of,2,3.26966553075,,1,667752,76642,
2,,,#d48a60,,,Shareholder,,is officer of,False,505125,is officer of,2,3.26966553075,,1,302740,76642,
3,,,#8a6960,,,,,registered,,671038,registered,2,3.26966553075,,1,587847,76642,
4,,,#d48a60,,,Shareholder,,is officer of,False,15030,is officer of,2,3.26966553075,,1,302740,277479,
5,,,#d48a60,,,Shareholder,,is officer of,False,25671,is officer of,2,3.26966553075,,1,302740,148291,
6,,,#d48a60,,,Shareholder,,is officer of,,33865,is officer of,2,3.26966553075,,1,302740,32747,
7,,,#d48a60,,,Beneficiary,,is officer of,,56706,is officer of,2,3.26966553075,,1,653764,7950,
8,,,#d48a60,,,Beneficiary,,is officer of,False,56707,is officer of,2,3.26966553075,,1,653764,1431,
9,,,#d48a60,,,Beneficiary,,is officer of,,56708,is officer of,2,3.26966553075,,1,653764,30882,
10,,,#d48a60,,,Beneficiary,,is officer of,,56709,is officer of,2,3.26966553075,,1,653764,221515,
11,,,#d48a60,,,Beneficiary,,is officer of,False,56710,is officer of,2,3.26966553075,,1,653764,91001,
12,,,#d48a60,,,Beneficiary,,is officer of,,56711,is officer of,2,3.26966553075,,1,653764,256958,
13,,,#d48a60,,,Beneficiary,,is officer of,False,56713,is officer of,2,3.26966553075,,1,653764,172555,
14,,,#d48a60,,,Beneficiary,,is officer of,,56714,is officer of,2,3.26966553075,,1,653764,148291,
15,,,#d48a60,,,Beneficiary,,is officer of,False,56715,is officer of,2,3.26966553075,,1,653764,88127,
16,,,#d48a60,,,Beneficiary,,is officer of,False,56716,is officer of,2,3.26966553075,,1,653764,245626,
17,,,#d48a60,,,Beneficiary,,is officer of,,56717,is officer of,2,3.26966553075,,1,653764,208828,
18,,,#d48a60,,,Beneficiary,,is officer of,,56718,is officer of,2,3.26966553075,,1,653764,277479,
19,,,#d48a60,,,Beneficiary,,is officer of,,56719,is officer of,2,3.26966553075,,1,653764,9109,
20,,,#d48a60,,,Beneficial owner,,is officer of,,69489,is officer of,2,3.26966553075,,1,667752,263217,
21,,,#d48a60,,,Beneficial owner,,is officer of,,69490,is officer of,2,3.26966553075,,1,667752,243302,
22,,,#d48a60,,,Beneficial owner,,is officer of,,69491,is officer of,2,3.26966553075,,1,667752,60003,
23,,,#d48a60,,09/11/2005,Beneficial owner,,is officer of,False,69493,is officer of,2,3.26966553075,,1,667752,55834,
24,,,#d48a60,,10/01/2001,Beneficial owner,,is officer of,False,69494,is officer of,2,3.26966553075,,1,667752,245626,
25,,,#d48a60,,12/02/2007,Beneficial owner,,is officer of,,69495,is officer of,2,3.26966553075,,1,667752,91001,
26,,,#d48a60,,12/02/2007,Beneficial owner,,is officer of,,69496,is officer of,2,3.26966553075,,1,667752,7950,
27,,,#d48a60,,12/02/2007,Beneficial owner,,is officer of,,69497,is officer of,2,3.26966553075,,1,667752,256958,
28,,,#d48a60,,12/02/2007,Beneficial owner,,is officer of,,69498,is officer of,2,3.26966553075,,1,667752,253209,
29,,,#d48a60,,12/02/2007,Beneficial owner,,is officer of,,69499,is officer of,2,3.26966553075,,1,667752,208828,
30,,,#d48a60,,12/03/2003,Beneficial owner,,is officer of,False,69500,is officer of,2,3.26966553075,,1,667752,160463,
31,,,#d48a60,,12/06/2002,Beneficial owner,,is officer of,,69501,is officer of,2,3.26966553075,,1,667752,247722,
32,,,#d48a60,30/04/2013,12/09/2002,Beneficial owner,,is officer of,,69502,is officer of,2,3.26966553075,,1,667752,178308,
33,,,#d48a60,30/04/2015,16/07/2003,Beneficial owner,,is officer of,,69503,is officer of,2,3.26966553075,,1,667752,105769,
34,,,#d48a60,,17/07/2002,Beneficial owner,,is officer of,,69504,is officer of,2,3.26966553075,,1,667752,1318,
35,,,#d48a60,,17/07/2002,Beneficial owner,,is officer of,False,69505,is officer of,2,3.26966553075,,1,667752,261656,
36,,,#d48a60,,18/07/2005,Beneficial owner,,is officer of,False,69506,is officer of,2,3.26966553075,,1,667752,230780,
37,,,#d48a60,,18/10/2002,Beneficial owner,,is officer of,,69507,is officer of,2,3.26966553075,,1,667752,17187,
38,,,#d48a60,,21/04/2014,Beneficial owner,,is officer of,,69508,is officer of,2,3.26966553075,,1,667752,9109,
39,,,#d48a60,,22/02/2009,Beneficial owner,,is officer of,,69509,is officer of,2,3.26966553075,,1,667752,221515,
40,,,#d48a60,,22/02/2009,Beneficial owner,,is officer of,,69510,is officer of,2,3.26966553075,,1,667752,1431,
41,,,#d48a60,,23/06/2004,Beneficial owner,,is officer of,,69511,is officer of,2,3.26966553075,,1,667752,172555,
42,,,#d48a60,,23/06/2004,Beneficial owner,,is officer of,,69512,is officer of,2,3.26966553075,,1,667752,168342,
43,,,#d48a60,,25/04/1997,Beneficial owner,,is officer of,,69513,is officer of,2,3.26966553075,,1,667752,88127,
44,,,#d48a60,,25/05/2001,Beneficial owner,,is officer of,,69515,is officer of,2,3.26966553075,,1,667752,80469,
45,,,#d48a60,,29/11/1999,Sole signatory,,is officer of,,69516,is officer of,2,3.26966553075,,1,667752,30882,
46,,,#d48a60,,29/11/1999,Sole signatory / Beneficial owner,,is officer of,,69518,is officer of,2,3.26966553075,,1,667752,32747,
47,,,#d48a60,,,Shareholder,,is officer of,,414306,is officer of,2,3.26966553075,,1,302740,91001,
48,,,#d48a60,,,Shareholder,,is officer of,,429965,is officer of,2,3.26966553075,,1,302740,210238,
49,,,#d48a60,,,Shareholder,,is officer of,,435604,is officer of,2,3.26966553075,,1,302740,243302,
50,,,#d48a60,,,Shareholder,,is officer of,,482781,is officer of,2,3.26966553075,,1,302740,261656,
51,,,#d48a60,,,Shareholder,,is officer of,,504145,is officer of,2,3.26966553075,,1,302740,30882,
52,,,#d48a60,,,Shareholder,,is officer of,False,505559,is officer of,2,3.26966553075,,1,302740,221515,
53,,,#d48a60,,,Shareholder,,is officer of,,505562,is officer of,2,3.26966553075,,1,302740,245626,
54,,,#d48a60,,,Shareholder,,is officer of,,506079,is officer of,2,3.26966553075,,1,302740,7950,
55,,,#d48a60,,,Shareholder,,is officer of,,512729,is officer of,2,3.26966553075,,1,302740,88127,
56,,,#d48a60,,,Shareholder,,is officer of,,518832,is officer of,2,3.26966553075,,1,302740,160463,
57,,,#d48a60,,,Shareholder,,is officer of,,521901,is officer of,2,3.26966553075,,1,302740,80469,
58,,,#d48a60,,,Shareholder,,is officer of,,540975,is officer of,2,3.26966553075,,1,302740,55834,
59,,,#d48a60,,,Shareholder,,is officer of,,541463,is officer of,2,3.26966553075,,1,302740,230780,
60,,,#d48a60,,,Shareholder,,is officer of,,544269,is officer of,2,3.26966553075,,1,302740,1431,
61,,,#8a6960,,,,,registered,,652992,registered,2,3.26966553075,,1,587847,263217,
62,,,#8a6960,,,,,registered,False,674121,registered,2,3.26966553075,,1,587847,148291,
63,,,#8a6960,,,,,registered,,674689,registered,2,3.26966553075,,1,587847,243302,
64,,,#8a6960,,,,,registered,,675004,registered,2,3.26966553075,,1,587847,17187,
65,,,#8a6960,,,,,registered,,677128,registered,2,3.26966553075,,1,587847,88127,
66,,,#8a6960,,,,,registered,,677151,registered,2,3.26966553075,,1,587847,32747,
67,,,#8a6960,,,,,registered,,679572,registered,2,3.26966553075,,1,587847,7950,
68,,,#8a6960,,,,,registered,,679882,registered,2,3.26966553075,,1,587847,221515,
69,,,#8a6960,,,,,registered,,679884,registered,2,3.26966553075,,1,587847,245626,
70,,,#8a6960,,,,,registered,,680003,registered,2,3.26966553075,,1,587847,172555,
71,,,#8a6960,,,,,registered,,692957,registered,2,3.26966553075,,1,587847,80469,
72,,,#8a6960,,,,,registered,,695317,registered,2,3.26966553075,,1,587847,105769,
73,,,#8a6960,,,,,registered,,699263,registered,2,3.26966553075,,1,587847,160463,
74,,,#8a6960,,,,,registered,,700618,registered,2,3.26966553075,,1,587847,1318,
75,,,#8a6960,,,,,registered,,700982,registered,2,3.26966553075,,1,587847,178308,
76,,,#8a6960,,,,,registered,,701771,registered,2,3.26966553075,,1,587847,247722,
77,,,#8a6960,,,,,registered,,703249,registered,2,3.26966553075,,1,587847,261656,
78,,,#8a6960,,,,,registered,,708404,registered,2,3.26966553075,,1,587847,168342,
79,,,#8a6960,,,,,registered,,710581,registered,2,3.26966553075,,1,587847,256958,
80,,,#8a6960,,,,,registered,,722674,registered,2,3.26966553075,,1,587847,55834,
81,,,#8a6960,,,,,registered,,723056,registered,2,3.26966553075,,1,587847,208828,
82,,,#8a6960,,,,,registered,,728197,registered,2,3.26966553075,,1,587847,230780,
83,,,#8a6960,,,,,registered,,730610,registered,2,3.26966553075,,1,587847,1431,
84,,,#8a6960,,,,,registered,,743517,registered,2,3.26966553075,,1,587847,277479,
85,,,#8a6960,,,,,registered,,757710,registered,2,3.26966553075,,1,587847,9109,
86,,,#8a6960,,,,,registered,,800987,registered,2,3.26966553075,,1,587847,91001,
87,,,#8a6960,,,,,registered,,801257,registered,2,3.26966553075,,1,587847,30882,
88,,,#8a6960,,,,,registered,,807982,registered,2,3.26966553075,,1,587847,253209,
89,,,#8a6960,,,,,registered,,808570,registered,2,3.26966553075,,1,587847,210238,
90,,,#8a6960,,,,,registered,,814062,registered,2,3.26966553075,,1,587847,60003,
91,,,#d48a60,14/05/2012,05/01/2011,Beneficial owner,,is officer of,,69492,is officer of,2,3.26966553075,,1,667752,253328,
92,,,#8a6960,,,,,registered,,753903,registered,2,3.26966553075,,1,588190,253328,
0,False,,#8a6960,,,,,registered,,669417,registered,2,7.96556162049,,1,585463,122795,
1,False,,#8a6960,,,,,registered,,800564,registered,2,7.96556162049,,1,585463,133373,
2,False,,#8a6960,,,,,registered,False,675905,registered,2,7.96556162049,,1,586333,187273,
3,False,,#8a6960,,,,,registered,False,669483,registered,2,7.96556162049,,1,592524,127371,
4,False,,#8a6960,,,,,registered,False,670719,registered,2,7.96556162049,,1,592524,214296,
5,False,,#d48a60,,,Shareholder,,is officer of,,502635,Shareholder,2,7.96556162049,,1,303929,187273,
6,False,,#d48a60,,,Shareholder,,is officer of,,502636,Shareholder,2,7.96556162049,,1,311118,187273,
7,False,,#d48a60,,,Shareholder,,is officer of,,502637,Shareholder,2,7.96556162049,,1,303934,187273,
8,False,,#d48a60,,,Shareholder,,is officer of,,502638,Shareholder,2,7.96556162049,,1,311117,187273,
9,False,,#d48a60,,,Shareholder,,is officer of,,30696,Shareholder,2,7.96556162049,,1,648863,122795,
10,False,,#d48a60,,,Shareholder,,is officer of,,30697,Shareholder,2,7.96556162049,,1,648864,122795,curvedArrow
11,False,2.0,#d48a60,,,Power of attorney,,is officer of,False,68548,Power of attorney,2,7.96556162049,,1,648864,122795,curvedArrow
12,False,,#d48a60,,,Shareholder,,is officer of,,68549,Shareholder,2,7.96556162049,,1,648864,133373,
0,False,,#d48a60,,31/03/1998,Director,,is officer of,,69481,Director,2,12.6191468896,,1,667748,257985,
1,False,,#8a6960,,,,,registered,,792588,registered,2,12.6191468896,,1,591661,257985,
0,False,,#d48a60,,,Owner,,is officer of,False,68538,is officer of,2,11.1540748988,,1,305805,25410,curvedArrow
1,False,2.0,#d48a60,,,Shareholder,,is officer of,False,408578,is officer of,2,11.1540748988,,1,305805,25410,curvedArrow
2,False,,#baaba3,,,,,registered address,False,817690,registered address,2,11.1540748988,,1,305805,578271,
3,False,,#d48a60,,,Beneficiay,,is officer of,False,57476,is officer of,2,11.1540748988,,1,657879,25410,
4,False,,#d48a60,,,Shareholder,,is officer of,False,408579,is officer of,2,11.1540748988,,1,305804,25410,
5,False,,#baaba3,,,,,registered address,,332776,registered address,2,11.1540748988,,1,657879,666297,
6,,,#8a6960,,,,,registered,False,666479,registered,2,11.1540748988,,1,590939,25410,
0,False,,#8a6960,,,,,registered,False,686149,registered,2,12.6191468896,,1,588661,105378,
1,False,,#d48a60,,,Shareholder,,is officer of,False,446110,Shareholder,2,12.6191468896,,1,456485,105378,
2,False,,#d48a60,,,Shareholder,,is officer of,,446111,Shareholder,2,12.6191468896,,1,456483,105378,
3,False,,#d48a60,,,Shareholder,,is officer of,,446112,Shareholder,2,12.6191468896,,1,456482,105378,
4,False,,#d48a60,,,Shareholder,,is officer of,,446113,Shareholder,2,12.6191468896,,1,456484,105378,
5,False,,#d48a60,27/03/2009,27/03/2009,Power of attorney,,is officer of,,69543,Power of attorney,2,12.6191468896,,1,667769,105378,
0,False,,#8a6960,,,,,registered,False,770752,registered,2,12.6191468896,,1,580745,175783,
1,False,,#8a6960,,,,,registered,False,778761,registered,2,12.6191468896,,1,580745,134282,
2,False,,#8a6960,,,,,registered,,814272,registered,2,12.6191468896,,1,580745,263531,
3,,,#d48a60,,15/11/2006,Member of Foundation Council,,is officer of,False,69463,Member of Foundation Council,2,12.6191468896,,1,667739,175783,
4,,,#d48a60,,30/11/2005,Member of Foundation Council,,is officer of,,69464,Member of Foundation Council,2,12.6191468896,,1,667739,263531,
5,,,#d48a60,,30/11/2005,Member of Foundation Council,,is officer of,False,69465,Member of Foundation Council,2,12.6191468896,,1,667739,134282,
0,False,,#baaba3,,,,,registered address,,317231,registered address,2,12.1037098236,,1,378942,545854,
1,False,,#d48a60,,,Shareholder,,is officer of,False,469052,is officer of,2,12.1037098236,,1,378942,19979,
2,False,,#baaba3,,,,,registered address,,325795,registered address,2,12.1037098236,,1,378941,545854,
3,False,,#d48a60,,,Shareholder,,is officer of,False,469051,is officer of,2,12.1037098236,,1,378941,19979,
4,False,,#8a6960,,,,,registered,False,849449,registered,2,12.1037098236,,1,589006,19979,
0,False,,#8a6960,,,,,registered,False,795598,registered,2,12.6191468896,,1,585157,233195,
1,False,,#d48a60,,,Shareholder,,is officer of,False,503658,Shareholder,2,12.6191468896,,1,487817,233195,
2,False,,#baaba3,,,,,registered address,False,818991,registered address,2,12.6191468896,,1,487817,528064,
3,,,#d48a60,,07/05/2007,Shareholder,,is officer of,False,69482,Shareholder,2,12.6191468896,,1,667749,233195,
0,False,,#8a6960,,,,,registered,False,789787,registered,2,5.84711396798,,1,590829,99200,
1,,,#d48a60,,10/04/96,Beneficial Owner,,is officer of,False,69536,Beneficial Owner,2,5.84711396798,,1,667764,99200,
2,,,#d48a60,,,Shareholder,,is officer of,False,579771,Shareholder,2,5.84711396798,,1,361115,99200,
3,,,#d48a60,,,Shareholder,,is officer of,False,579772,Shareholder,2,5.84711396798,,1,472951,99200,
4,,,#d48a60,,,Shareholder,,is officer of,False,579773,Shareholder,2,5.84711396798,,1,361416,99200,
5,,,#d48a60,,,Shareholder,,is officer of,False,579774,Shareholder,2,5.84711396798,,1,472936,99200,
6,,,#d48a60,,,Shareholder,,is officer of,False,579775,Shareholder,2,5.84711396798,,1,472953,99200,
7,,,#d48a60,,,Shareholder,,is officer of,False,579776,Shareholder,2,5.84711396798,,1,472952,99200,
8,,,#d48a60,,,Shareholder,,is officer of,False,579777,Shareholder,2,5.84711396798,,1,472937,99200,
9,,,#d48a60,,,Shareholder,,is officer of,False,579778,Shareholder,2,5.84711396798,,1,472949,99200,
10,,,#d48a60,,,Shareholder,,is officer of,False,579779,Shareholder,2,5.84711396798,,1,472948,99200,
11,,,#d48a60,,,Shareholder,,is officer of,False,579780,Shareholder,2,5.84711396798,,1,472947,99200,
12,,,#d48a60,,,Shareholder,,is officer of,False,579781,Shareholder,2,5.84711396798,,1,472946,99200,
13,,,#d48a60,,,Shareholder,,is officer of,False,579782,Shareholder,2,5.84711396798,,1,472945,99200,
14,,,#d48a60,,,Shareholder,,is officer of,False,579783,Shareholder,2,5.84711396798,,1,472944,99200,
15,,,#d48a60,,,Shareholder,,is officer of,False,579784,Shareholder,2,5.84711396798,,1,472943,99200,
16,,,#d48a60,,,Shareholder,,is officer of,False,579785,Shareholder,2,5.84711396798,,1,472942,99200,
17,,,#d48a60,,,Shareholder,,is officer of,,579786,Shareholder,2,5.84711396798,,1,472940,99200,
18,,,#d48a60,,,Shareholder,,is officer of,False,579787,Shareholder,2,5.84711396798,,1,472950,99200,
19,,,#d48a60,,,Shareholder,,is officer of,False,579788,Shareholder,2,5.84711396798,,1,472941,99200,
20,,,#d48a60,,,Shareholder,,is officer of,False,579789,Shareholder,2,5.84711396798,,1,361437,99200,
21,,,#d48a60,,,Shareholder,,is officer of,False,579791,Shareholder,2,5.84711396798,,1,361739,99200,
22,,,#d48a60,,,Shareholder,,is officer of,False,587007,Shareholder,2,5.84711396798,,1,363787,99200,
23,,,#d48a60,,,Shareholder,,is officer of,False,587008,Shareholder,2,5.84711396798,,1,363850,99200,
24,,,#d48a60,,,Shareholder,,is officer of,False,587009,Shareholder,2,5.84711396798,,1,363999,99200,
0,False,,#8a6960,,,,,registered,False,641879,registered,2,12.6191468896,,1,587642,153309,
1,,,#d48a60,,21/02/1989,Director,,is officer of,False,69461,Director,2,12.6191468896,,1,667737,153309,
0,,,#8a6960,,,,,registered,False,790074,registered,2,12.6191468896,,1,590120,184011,
1,,,#d48a60,,,Shareholder,,is officer of,False,596143,Shareholder,2,12.6191468896,,1,329226,184011,
2,,,#d48a60,,,Shareholder,,is officer of,False,596144,Shareholder,2,12.6191468896,,1,333537,184011,
0,False,,#8a6960,,,,,registered,,627630,registered,2,12.6191468896,,1,593773,40537,
1,False,,#baaba3,,,,,registered address,,335574,registered address,2,12.6191468896,,1,660338,665818,
2,False,,#d48a60,,,Beneficiay,,is officer of,,60950,Beneficiay,2,12.6191468896,,1,660338,40537,
3,False,,#d48a60,,,Beneficial owner,,is officer of,,69447,Beneficial owner,2,12.6191468896,,1,667728,40537,
4,False,,#d48a60,,,Shareholder,,is officer of,,483752,Shareholder,2,12.6191468896,,1,492434,40537,
0,False,,#baaba3,,,,,registered address,False,830825,registered address,2,10.4837622939,,1,473254,519774,
1,False,,#baaba3,,,,,registered address,False,291073,registered address,2,10.4837622939,,1,334206,500835,
2,False,,#d48a60,,,Shareholder,,is officer of,,37163,Shareholder,2,10.4837622939,,1,648326,240121,curvedArrow
3,False,,#d48a60,,,Director,,is officer of,False,68529,Director,2,10.4837622939,,1,648326,208909,
4,False,2.0,#d48a60,,,Director,,is officer of,False,68530,Director,2,10.4837622939,,1,648326,240121,curvedArrow
5,False,,#d48a60,,,Director,,is officer of,False,68531,Director,2,10.4837622939,,1,648326,217658,
6,False,,#d48a60,,,Director,,is officer of,False,68532,Director,2,10.4837622939,,1,473254,208909,curvedArrow
7,False,,#d48a60,,,Director,,is officer of,False,68533,Director,2,10.4837622939,,1,473254,240121,
8,False,,#d48a60,,,Director,,is officer of,False,68534,Director,2,10.4837622939,,1,473254,217658,
9,False,,#d48a60,,,Director,,is officer of,False,68535,Director,2,10.4837622939,,1,334206,208909,
10,False,,#d48a60,,,Director,,is officer of,False,68536,Director,2,10.4837622939,,1,334206,240121,
11,False,,#d48a60,,,Director,,is officer of,False,68537,Director,2,10.4837622939,,1,334206,217658,curvedArrow
12,False,2.0,#d48a60,,,Shareholder,,is officer of,False,467797,Shareholder,2,10.4837622939,,1,334206,217658,curvedArrow
13,False,2.0,#d48a60,,,Shareholder,,is officer of,False,556524,Shareholder,2,10.4837622939,,1,473254,208909,curvedArrow
14,,,#8a6960,,,,,registered,,604789,registered,2,10.4837622939,,1,588146,208909,
15,,,#8a6960,,,,,registered,False,703001,registered,2,10.4837622939,,1,588146,217658,
0,False,,#d48a60,,,Shareholder,,is officer of,False,497506,Shareholder,2,12.6191468896,,1,636306,205372,
1,False,,#d48a60,02/11/2008,07/11/1995,Owner,,is officer of,False,69537,Owner,2,12.6191468896,,1,667765,205372,
2,,,#baaba3,,,,,registered address,,251322,registered address,2,12.6191468896,,1,636306,645302,
0,False,,#baaba3,,,,,registered address,False,332417,registered address,2,12.3232816125,,1,657420,517476,
1,False,,#8a6960,,,,,registered,False,758771,registered,2,12.3232816125,,1,587486,101753,
2,False,,#baaba3,,,,,registered address,False,865538,registered address,2,12.3232816125,,1,418847,517476,
3,False,,#d48a60,,,,1.0,has similar name and address as,False,880095,has similar name and address as,2,12.3232816125,,1,418847,657420,
4,False,,#8a6960,,,,,registered,False,785092,registered,2,12.3232816125,,1,587486,181047,
5,False,,#d48a60,,,Shareholder,,is officer of,False,68565,Shareholder,2,12.3232816125,,1,418847,181047,curvedArrow
6,False,2.0,#d48a60,,,President - Director,,is officer of,,68564,President - Director,2,12.3232816125,,1,418847,181047,curvedArrow
7,False,,#d48a60,,,Beneficiay,,is officer of,,57043,Beneficiay,2,12.3232816125,,1,657420,101753,
8,False,,#d48a60,,,Sole shareholder,,is officer of,False,68566,Sole shareholder,2,12.3232816125,,1,418847,101753,curvedArrow
9,False,2.0,#d48a60,,,Shareholder,,is officer of,False,463780,Shareholder,2,12.3232816125,,1,418847,101753,curvedArrow
0,,,#d48a60,,30/09/1998,Director,,is officer of,,69454,is officer of,2,12.6191468896,,1,667733,148184,
1,,,#d48a60,,21/01/1998,Director,,is officer of,,69466,is officer of,2,12.6191468896,,1,667740,148184,curvedArrow
2,,2.0,#d48a60,,21/01/1998,Secretary,,is officer of,,69469,is officer of,2,12.6191468896,,1,667740,148184,curvedArrow
3,,,#8a6960,,,,,registered,,802261,registered,2,12.6191468896,,1,588157,148184,
0,False,,#d48a60,,,Shareholder,,is officer of,,6889,is officer of,2,6.26116708952,,1,306783,188769,
1,False,,#d48a60,,,Shareholder,,is officer of,False,6890,is officer of,2,6.26116708952,,1,641316,188769,
2,False,,#d48a60,,,Shareholder,,is officer of,,6891,is officer of,2,6.26116708952,,1,450334,188769,
3,False,,#d48a60,,,Shareholder,,is officer of,False,68567,is officer of,2,6.26116708952,,1,374111,188769,
4,False,,#d48a60,,,Shareholder,,is officer of,False,68568,is officer of,2,6.26116708952,,1,412138,188769,
5,False,,#8a6960,,,,,registered,False,651566,registered,2,6.26116708952,,1,581489,188769,
6,False,,#baaba3,,,,,registered address,,300690,registered address,2,6.26116708952,,1,412138,548047,
7,False,,#d48a60,,,Shareholder,,is officer of,,580619,is officer of,2,6.26116708952,,1,412138,34281,
8,False,,#d48a60,,,Shareholder,,is officer of,,403482,is officer of,2,6.26116708952,,1,374111,178406,
9,False,,#8a6960,,,,,registered,False,808606,registered,2,6.26116708952,,1,581489,178406,
10,False,,#baaba3,,,,,registered address,,817120,registered address,2,6.26116708952,,1,374111,503168,
11,False,,#baaba3,,,,,registered address,,318877,registered address,2,6.26116708952,,1,641316,646751,
12,False,,#d48a60,,,,1.0,has similar name and address as,False,350215,has similar name and address as,2,6.26116708952,,1,374113,641316,
13,False,,#d48a60,,,Shareholder,,is officer of,,403481,is officer of,2,6.26116708952,,1,374113,178406,
14,False,,#d48a60,,,Shareholder,,is officer of,,403483,is officer of,2,6.26116708952,,1,374112,178406,
15,False,,#d48a60,,,Shareholder,,is officer of,,403484,is officer of,2,6.26116708952,,1,374110,178406,
16,False,,#baaba3,,,,,registered address,,325038,registered address,2,6.26116708952,,1,374110,524306,
17,False,,#baaba3,,,,,registered address,,252095,registered address,2,6.26116708952,,1,374112,536113,
18,False,,#d48a60,,,Shareholder,,is officer of,,580616,is officer of,2,6.26116708952,,1,296361,34281,
19,False,,#d48a60,,,Shareholder,,is officer of,False,580617,is officer of,2,6.26116708952,,1,384168,34281,
20,False,,#d48a60,,,Shareholder,,is officer of,,580618,is officer of,2,6.26116708952,,1,412136,34281,
21,False,,#d48a60,,,Shareholder,,is officer of,,580620,is officer of,2,6.26116708952,,1,412139,34281,
22,False,,#d48a60,,,Shareholder,,is officer of,,580621,is officer of,2,6.26116708952,,1,412137,34281,
23,False,,#8a6960,,,,,registered,,760505,registered,2,6.26116708952,,1,594108,34281,
24,False,,#d48a60,,,Shareholder,,is officer of,False,392915,is officer of,2,6.26116708952,,1,374113,147905,
25,False,,#d48a60,,,Shareholder,,is officer of,,392916,is officer of,2,6.26116708952,,1,374112,147905,
26,False,,#8a6960,,,,,registered,False,735191,registered,2,6.26116708952,,1,581489,147905,
0,False,,#8a6960,,,,,registered,,608041,registered,2,11.4361391997,,1,587257,601316,
1,False,,#8a6960,,,,,registered,False,608449,registered,2,11.4361391997,,1,587257,606329,
2,False,,#8a6960,,,,,registered,,609569,registered,2,11.4361391997,,1,587257,600602,
3,False,,#d48a60,,16/07/2015,Principal beneficiary,,is officer of,,69519,Principal beneficiary,2,11.4361391997,,1,667753,601316,
4,False,,#d48a60,,16/07/2015,Principal beneficiary,,is officer of,,69520,Principal beneficiary,2,11.4361391997,,1,667753,600602,
5,False,,#d48a60,,20/07/2015,Principal beneficiary,,is officer of,,69521,Principal beneficiary,2,11.4361391997,,1,667753,606329,
6,False,,#d48a60,,,Shareholder,,is officer of,,555398,Shareholder,2,11.4361391997,,1,630263,600602,
7,False,,#d48a60,,,,1.0,has similar name and address as,,352345,has similar name and address as,2,11.4361391997,,1,630263,630261,
8,False,,#d48a60,,,Shareholder,,is officer of,False,424604,Shareholder,2,11.4361391997,,1,630262,601316,
9,False,,#d48a60,,,Shareholder,,is officer of,,424605,Shareholder,2,11.4361391997,,1,630261,601316,
10,False,,#d48a60,,,,1.0,has similar name and address as,,350938,has similar name and address as,2,11.4361391997,,1,630263,637298,
11,False,,#d48a60,,,,1.0,has similar name and address as,,361400,has similar name and address as,2,11.4361391997,,1,637298,630261,
12,False,,#d48a60,,,Shareholder,,is officer of,,556828,Shareholder,2,11.4361391997,,1,637298,606329,
13,False,,#d48a60,,,Shareholder,,is officer of,,556829,Shareholder,2,11.4361391997,,1,637299,606329,
0,,,#d48a60,,17/11/2006,Power of Attorney,,is officer of,,69462,is officer of,2,12.6191468896,,1,667738,195749,
1,,,#d48a60,,,Shareholder,,is officer of,,41802,is officer of,2,12.6191468896,,1,371545,195749,
2,,,#8a6960,,,,,registered,,728811,registered,2,12.6191468896,,1,584748,195749,
3,,,#baaba3,,,,,registered address,,274835,registered address,2,12.6191468896,,1,371545,526626,
0,False,,#d48a60,,06/12/2005,Power of attorney,,is officer of,,69544,is officer of,2,12.6191468896,,1,667770,276288,
1,False,,#d48a60,,,Shareholder,,is officer of,,481060,is officer of,2,12.6191468896,,1,484171,276288,
2,False,,#8a6960,,,,,registered,,621665,registered,2,12.6191468896,,1,587991,276288,
0,False,,#8a6960,,,,,registered,False,619212,registered,2,12.6191468896,,1,580712,268698,
1,False,,#8a6960,,,,,registered,False,802296,registered,2,12.6191468896,,1,580712,48479,
2,,,#d48a60,,03/02/2004,Power of attorney,,is officer of,False,69451,Power of attorney,2,12.6191468896,,1,667731,48479,
3,,,#d48a60,,03/03/2004,Power of attorney,,is officer of,False,69452,Power of attorney,2,12.6191468896,,1,667731,268698,
0,False,,#baaba3,,,,,registered address,False,242741,registered address,2,12.6191468896,,1,419931,513002,
1,False,,#baaba3,,,,,registered address,False,284975,registered address,2,12.6191468896,,1,419932,513002,
2,False,,#d48a60,,,Shareholder,,is officer of,False,45462,Shareholder,2,12.6191468896,,1,419931,63529,
3,False,,#d48a60,,,Shareholder,,is officer of,False,45460,Shareholder,2,12.6191468896,,1,419932,63529,
0,,,#8a6960,,,,,registered,,747584,registered,2,8.2666140656,,1,593237,149608,
1,,,#8a6960,,,,,registered,,739765,registered,2,8.2666140656,,1,593237,279953,
2,,,#d48a60,,,Shareholder,,is officer of,,564106,Shareholder,2,8.2666140656,,1,345076,279953,curvedArrow
3,,2.0,#d48a60,,,"Owner, director and shareholder",,is officer of,,68515,"Owner, director and shareholder",2,8.2666140656,,1,345076,279953,curvedArrow
4,,,#8a6960,,,,,registered,,746233,registered,2,8.2666140656,,1,593237,136402,
5,,,#d48a60,,,"Owner, director and shareholder",,is officer of,,68509,"Owner, director and shareholder",2,8.2666140656,,1,345076,136402,
6,,,#8a6960,,,,,registered,,752341,registered,2,8.2666140656,,1,593237,204018,
7,,,#d48a60,,,"Owner, director and shareholder",,is officer of,,68512,"Owner, director and shareholder",2,8.2666140656,,1,345076,204018,
8,,,#8a6960,,,,,registered,,743734,registered,2,8.2666140656,,1,593237,44247,
9,,,#d48a60,,,"Owner, director and shareholder",,is officer of,,68518,"Owner, director and shareholder",2,8.2666140656,,1,345076,44247,
10,,,#8a6960,,,,,registered,,746900,registered,2,8.2666140656,,1,593237,137033,
11,,,#d48a60,,,"Owner, director and shareholder",,is officer of,,68521,"Owner, director and shareholder",2,8.2666140656,,1,345076,137033,
12,,,#8a6960,,,,,registered,,745078,registered,2,8.2666140656,,1,593237,62336,
13,,,#d48a60,,,"Owner, director and shareholder",,is officer of,,68514,"Owner, director and shareholder",2,8.2666140656,,1,345076,62336,
14,,,#8a6960,,,,,registered,,744622,registered,2,8.2666140656,,1,593237,100363,
15,,,#d48a60,,,"Owner, director and shareholder",,is officer of,,68510,"Owner, director and shareholder",2,8.2666140656,,1,345076,100363,
16,,,#8a6960,,,,,registered,,756355,registered,2,8.2666140656,,1,593237,62089,
17,,,#d48a60,,,"Owner, director and shareholder",,is officer of,,68522,"Owner, director and shareholder",2,8.2666140656,,1,345076,62089,
18,,,#8a6960,,,,,registered,,748462,registered,2,8.2666140656,,1,593237,197407,
19,,,#d48a60,,,"Owner, director and shareholder",,is officer of,,68516,"Owner, director and shareholder",2,8.2666140656,,1,345076,197407,
20,,,#8a6960,,,,,registered,,809773,registered,2,8.2666140656,,1,593237,33425,
21,,,#d48a60,,,"Owner, director and shareholder",,is officer of,,68520,"Owner, director and shareholder",2,8.2666140656,,1,345076,33425,
22,,,#8a6960,,,,,registered,,749352,registered,2,8.2666140656,,1,593237,150993,
23,,,#d48a60,,,"Owner, director and shareholder",,is officer of,,68517,"Owner, director and shareholder",2,8.2666140656,,1,345076,150993,
24,,,#8a6960,,,,,registered,,805598,registered,2,8.2666140656,,1,593237,245525,
25,,,#d48a60,,,"Owner, director and shareholder",,is officer of,,68511,"Owner, director and shareholder",2,8.2666140656,,1,345076,245525,curvedArrow
26,,2.0,#d48a60,,,Shareholder,,is officer of,,472021,Shareholder,2,8.2666140656,,1,345076,245525,curvedArrow
27,,,#8a6960,,,,,registered,,814704,registered,2,8.2666140656,,1,593237,111471,
28,,,#d48a60,,,"Owner, director and shareholder",,is officer of,,68519,"Owner, director and shareholder",2,8.2666140656,,1,345076,111471,
0,False,,#8a6960,,,,,registered,False,793616,registered,2,12.6191468896,,1,588011,276414,
1,,,#d48a60,,,Shareholder,,is officer of,False,593127,Shareholder,2,12.6191468896,,1,456660,276414,
0,False,,#baaba3,,,,,registered address,,261748,registered address,2,12.432713278,,1,408031,554473,
1,False,,#8a6960,,,,,registered,False,748779,registered,2,12.432713278,,1,594082,236944,
2,False,,#8a6960,,,,,registered,False,730493,registered,2,12.432713278,,1,582980,206352,
3,,,#d48a60,,,Shareholder,,is officer of,False,11742,Shareholder,2,12.432713278,,1,408030,236944,
4,,,#d48a60,,,Shareholder,,is officer of,,11743,Shareholder,2,12.432713278,,1,408031,236944,curvedArrow
5,,,#d48a60,,,Director,,is officer of,,68541,Director,2,12.432713278,,1,408031,206352,
6,,2.0,#d48a60,,,Director,,is officer of,False,68542,Director,2,12.432713278,,1,408031,236944,curvedArrow
0,False,,#baaba3,,,,,registered address,False,276917,registered address,2,12.6191468896,,1,293604,519183,
1,False,,#8a6960,,,,,registered,,783674,registered,2,12.6191468896,,1,590448,72466,
2,False,,#d48a60,,,Director,,is officer of,False,68545,Director,2,12.6191468896,,1,419849,72466,curvedArrow
3,False,,#d48a60,,,Director,,is officer of,False,68546,Director,2,12.6191468896,,1,293604,72466,curvedArrow
4,False,2.0,#d48a60,,,Shareholder,,is officer of,False,394214,Shareholder,2,12.6191468896,,1,419849,72466,curvedArrow
5,False,2.0,#d48a60,,,Shareholder,,is officer of,False,394215,Shareholder,2,12.6191468896,,1,293604,72466,curvedArrow
0,False,,#d48a60,,,Beneficiay,,is officer of,,60664,is officer of,2,6.71967257343,,1,658458,77977,
1,False,,#d48a60,,,Shareholder,,is officer of,,591630,is officer of,2,6.71967257343,,1,422292,77977,
2,False,,#d48a60,,,Shareholder,,is officer of,,591631,is officer of,2,6.71967257343,,1,456287,77977,
3,False,,#d48a60,,,Shareholder,,is officer of,False,591632,is officer of,2,6.71967257343,,1,422291,77977,
4,False,,#d48a60,,,Shareholder,,is officer of,,591633,is officer of,2,6.71967257343,,1,422293,77977,
5,False,,#d48a60,,,Shareholder,,is officer of,,591634,is officer of,2,6.71967257343,,1,422294,77977,
6,False,,#8a6960,,,,,registered,,618657,registered,2,6.71967257343,,1,592702,77977,
7,False,,#d48a60,,,Director,,is officer of,,70472,is officer of,2,6.71967257343,,1,667757,456287,
8,False,,#d48a60,,,Shareholder,,is officer of,,592052,is officer of,2,6.71967257343,,1,456287,130448,
9,False,,#8a6960,,,,,registered,,634215,registered,2,6.71967257343,,1,592702,130448,
10,False,,#d48a60,,,Director,,is officer of,,70471,is officer of,2,6.71967257343,,1,667757,363839,
11,False,,#d48a60,,,Director,,is officer of,,70473,is officer of,2,6.71967257343,,1,667757,354836,
12,False,,#d48a60,,,Director,,is officer of,,70474,is officer of,2,6.71967257343,,1,667757,354835,
13,False,,#d48a60,,,Director,,is officer of,,70475,is officer of,2,6.71967257343,,1,667757,363838,
14,False,,#d48a60,,,Shareholder,,is officer of,,592053,is officer of,2,6.71967257343,,1,363838,130448,
15,False,,#d48a60,,,Shareholder,,is officer of,,592051,is officer of,2,6.71967257343,,1,476586,130448,
16,False,,#d48a60,,,Shareholder,,is officer of,,592054,is officer of,2,6.71967257343,,1,476615,130448,
17,False,,#baaba3,,,,,registered address,,262997,registered address,2,6.71967257343,,1,354836,544707,
18,False,,#baaba3,,,,,registered address,,288452,registered address,2,6.71967257343,,1,354835,544707,
19,False,,#d48a60,,,Shareholder,,is officer of,,441643,is officer of,2,6.71967257343,,1,354836,10485,
20,False,,#d48a60,,,Shareholder,,is officer of,,441644,is officer of,2,6.71967257343,,1,354835,10485,
21,False,,#8a6960,,,,,registered,,713896,registered,2,6.71967257343,,1,592702,10485,
22,False,,#baaba3,,,,,registered address,,246577,registered address,2,6.71967257343,,1,363839,509189,
23,False,,#baaba3,,,,,registered address,,306731,registered address,2,6.71967257343,,1,363838,509189,
24,False,,#d48a60,,,Shareholder,,is officer of,,466692,is officer of,2,6.71967257343,,1,363839,7256,
25,False,,#d48a60,,,Shareholder,,is officer of,,466693,is officer of,2,6.71967257343,,1,363838,7256,
26,False,,#8a6960,,,,,registered,,723205,registered,2,6.71967257343,,1,592702,7256,
27,False,,#d48a60,,,Shareholder,,is officer of,,466691,is officer of,2,6.71967257343,,1,363837,7256,
28,False,,#baaba3,,,,,registered address,,868881,registered address,2,6.71967257343,,1,363837,509189,
0,,,#d48a60,,16/03/2006,Power of Attorney,,is officer of,,69542,is officer of,2,12.6191468896,,1,667768,108136,
1,,,#8a6960,,,,,registered,,717368,registered,2,12.6191468896,,1,593486,108136,
0,False,,#8a6960,,,,,registered,False,676984,registered,2,2.99793627737,,1,580756,60322,
1,False,,#8a6960,,,,,registered,False,683140,registered,2,2.99793627737,,1,580756,214942,
2,False,,#8a6960,,,,,registered,False,688338,registered,2,2.99793627737,,1,580756,180522,
3,False,,#8a6960,,,,,registered,False,688605,registered,2,2.99793627737,,1,580756,261132,
4,False,,#8a6960,,,,,registered,False,689004,registered,2,2.99793627737,,1,580756,83987,
5,False,,#8a6960,,,,,registered,False,691294,registered,2,2.99793627737,,1,580756,50332,
6,False,,#8a6960,,,,,registered,False,801045,registered,2,2.99793627737,,1,580756,79778,
7,False,,#8a6960,,,,,registered,False,802574,registered,2,2.99793627737,,1,580756,179421,
8,False,,#baaba3,,,,,registered address,False,820495,registered address,2,2.99793627737,,1,310244,546367,
9,False,,#baaba3,,,,,registered address,False,330176,registered address,2,2.99793627737,,1,654193,546367,
10,False,,#d48a60,,,,1.0,has similar name and address as,,879085,has similar name and address as,2,2.99793627737,,1,310244,654193,
11,False,,#baaba3,,,,,registered address,,246768,registered address,2,2.99793627737,,1,373051,536483,
12,False,,#8a6960,,,,,registered,,728306,registered,2,2.99793627737,,1,590963,14909,
13,False,,#d48a60,,,Power of Attorney,,is officer of,False,68557,Power of Attorney,2,2.99793627737,,1,310244,214942,curvedArrow
14,False,,#d48a60,,,Power of Attorney,,is officer of,False,68563,Power of Attorney,2,2.99793627737,,1,354495,214942,
15,False,2.0,#d48a60,,,Shareholder,,is officer of,False,408026,Shareholder,2,2.99793627737,,1,310244,214942,curvedArrow
16,False,,#d48a60,,,Shareholder,,is officer of,False,47805,Shareholder,2,2.99793627737,,1,310244,261132,curvedArrow
17,False,,#d48a60,,,Shareholder,,is officer of,False,47806,Shareholder,2,2.99793627737,,1,310243,261132,
18,False,,#d48a60,,,Shareholder,,is officer of,,47807,Shareholder,2,2.99793627737,,1,310242,261132,
19,False,2.0,#d48a60,,,Power of Attorney,,is officer of,False,68556,Power of Attorney,2,2.99793627737,,1,310244,261132,curvedArrow
20,False,,#d48a60,,,Power of Attorney,,is officer of,False,68562,Power of Attorney,2,2.99793627737,,1,354495,261132,
21,False,,#baaba3,,,,,registered address,False,319007,registered address,2,2.99793627737,,1,315956,529076,
22,False,,#d48a60,,,Shareholder,,is officer of,False,507494,Shareholder,2,2.99793627737,,1,315956,179421,
23,False,,#d48a60,,,Shareholder,,is officer of,False,29078,Shareholder,2,2.99793627737,,1,314881,180522,
24,False,,#d48a60,,,Shareholder,,is officer of,,29079,Shareholder,2,2.99793627737,,1,314880,180522,
25,False,,#d48a60,,,Power of Attorney,,is officer of,False,68555,Power of Attorney,2,2.99793627737,,1,310244,180522,
26,False,,#d48a60,,,Power of Attorney,,is officer of,False,68561,Power of Attorney,2,2.99793627737,,1,354495,180522,
27,False,,#d48a60,,,Director (Rami Makhlouf),,is officer of,False,68552,Director (Rami Makhlouf),2,2.99793627737,,1,310244,79778,
28,False,,#d48a60,,,Director (Rami Makhlouf),,is officer of,False,68558,Director (Rami Makhlouf),2,2.99793627737,,1,354495,79778,
29,False,,#d48a60,,,Shareholder,,is officer of,False,507327,Shareholder,2,2.99793627737,,1,312606,79778,
30,False,,#d48a60,,,Shareholder,,is officer of,False,507328,Shareholder,2,2.99793627737,,1,312605,79778,
31,False,,#d48a60,,,Shareholder,,is officer of,False,507329,Shareholder,2,2.99793627737,,1,312604,79778,
32,False,,#d48a60,,,Shareholder,,is officer of,,507330,Shareholder,2,2.99793627737,,1,312607,79778,
33,False,,#d48a60,,,Shareholder,,is officer of,,498173,Shareholder,2,2.99793627737,,1,353330,60322,
34,False,,#d48a60,,,Shareholder,,is officer of,,498174,Shareholder,2,2.99793627737,,1,353666,60322,
35,False,,#d48a60,,,Shareholder,,is officer of,,498175,Shareholder,2,2.99793627737,,1,354466,60322,
36,False,,#d48a60,,,Shareholder,,is officer of,False,498176,Shareholder,2,2.99793627737,,1,313335,60322,
37,False,,#d48a60,,,Shareholder,,is officer of,False,498177,Shareholder,2,2.99793627737,,1,313336,60322,
38,False,,#d48a60,,,Shareholder,,is officer of,,498178,Shareholder,2,2.99793627737,,1,354495,60322,
39,False,,#d48a60,,,Shareholder,,is officer of,,498179,Shareholder,2,2.99793627737,,1,313333,60322,
40,False,,#d48a60,,,Shareholder,,is officer of,,498180,Shareholder,2,2.99793627737,,1,313334,60322,
41,False,,#d48a60,,,Director,,is officer of,,68485,Director,2,2.99793627737,,1,373051,14909,curvedArrow
42,False,,#d48a60,,,Director,,is officer of,,68486,Director,2,2.99793627737,,1,354466,14909,
43,False,2.0,#d48a60,,,Shareholder,,is officer of,,545791,Shareholder,2,2.99793627737,,1,373051,14909,curvedArrow
44,False,,#d48a60,,,Shareholder,,is officer of,False,31165,Shareholder,2,2.99793627737,,1,310244,50332,curvedArrow
45,False,,#d48a60,,,Beneficiay,,is officer of,,54152,Beneficiay,2,2.99793627737,,1,654193,50332,
46,False,2.0,#d48a60,,,Director / Shareholder / Beneficial Owner,,is officer of,,68553,Director / Shareholder / Beneficial Owner,2,2.99793627737,,1,310244,50332,curvedArrow
47,False,,#d48a60,,,Power of Attorney,,is officer of,,68554,Power of Attorney,2,2.99793627737,,1,310244,83987,
48,False,,#d48a60,,,Director / Shareholder / Beneficial Owner,,is officer of,False,68559,Director / Shareholder / Beneficial Owner,2,2.99793627737,,1,354495,50332,
49,False,,#d48a60,,,Power of Attorney,,is officer of,,68560,Power of Attorney,2,2.99793627737,,1,354495,83987,
0,False,,#baaba3,,,,,registered address,,308234,registered address,2,5.17648925403,,1,298040,540893,
1,False,,#8a6960,,,,,registered,False,795265,registered,2,5.17648925403,,1,583749,125412,
2,False,,#8a6960,,,,,registered,False,624880,registered,2,5.17648925403,,1,583749,275242,
3,False,,#8a6960,,,,,registered,False,621183,registered,2,5.17648925403,,1,583749,124830,
4,False,,#8a6960,,,,,registered,False,617434,registered,2,5.17648925403,,1,583749,26032,
5,False,,#8a6960,,,,,registered,False,617561,registered,2,5.17648925403,,1,583749,218578,
6,False,,#8a6960,,,,,registered,False,627459,registered,2,5.17648925403,,1,583749,83045,
7,False,,#8a6960,,,,,registered,False,619805,registered,2,5.17648925403,,1,592105,285914,
8,False,,#d48a60,,,Shareholder,,is officer of,,562272,Shareholder,2,5.17648925403,,1,298040,125412,
9,False,,#d48a60,,,Shareholder,,is officer of,False,1469,Shareholder,2,5.17648925403,,1,457628,140772,
10,False,,#baaba3,,,,,registered address,False,256146,registered address,2,5.17648925403,,1,457628,525336,
11,False,,#d48a60,,,Shareholder,,is officer of,False,394471,Shareholder,2,5.17648925403,,1,297892,124830,
12,False,,#d48a60,,,Shareholder,,is officer of,False,458375,Shareholder,2,5.17648925403,,1,620232,605754,
13,False,,#8a6960,,,,,registered,False,610737,registered,2,5.17648925403,,1,582684,1284,
0,False,,#d48a60,,,Grantee of a mortgage,,is officer of,False,71495,Grantee of a mortgage,2,12.6191468896,,1,667750,584613,
0,False,,#8a6960,,,,,registered,False,807828,registered,2,12.6067187863,,1,593432,114885,
1,False,,#8a6960,,,,,registered,False,726368,registered,2,12.6067187863,,1,593432,162830,
2,False,,#d48a60,,,Beneficiay,,is officer of,False,58658,Beneficiay,2,12.6067187863,,1,655937,162830,
3,False,,#d48a60,,,Beneficiay,,is officer of,False,64718,Beneficiay,2,12.6067187863,,1,662557,114885,
4,False,,#d48a60,,,,1.0,has similar name and address as,False,339413,has similar name and address as,2,12.6067187863,,1,655937,662557,
5,False,,#d48a60,,,Shareholder,,is officer of,False,472565,Shareholder,2,12.6067187863,,1,288029,114885,
6,False,,#baaba3,,,,,registered address,False,333734,registered address,2,12.6067187863,,1,655937,663078,
7,False,,#baaba3,,,,,registered address,False,338469,registered address,2,12.6067187863,,1,662557,664351,
0,False,,#d48a60,,,Connected,,is officer of,,69534,is officer of,2,9.0966428259,,1,667763,281770,
1,False,,#d48a60,,09/08/2012,Sole shareholder,,is officer of,,69535,is officer of,2,9.0966428259,,1,667763,222255,
2,False,,#d48a60,,,Shareholder,,is officer of,,422430,is officer of,2,9.0966428259,,1,467669,222255,
3,False,,#8a6960,,,,,registered,,674781,registered,2,9.0966428259,,1,583381,281770,
4,False,,#8a6960,,,,,registered,,813371,registered,2,9.0966428259,,1,583381,222255,
5,False,,#baaba3,,,,,registered address,,248261,registered address,2,9.0966428259,,1,467669,560357,
6,False,,#d48a60,,,Shareholder,,is officer of,,443162,is officer of,2,9.0966428259,,1,453647,281770,
7,False,,#d48a60,,,Shareholder,,is officer of,,443163,is officer of,2,9.0966428259,,1,453646,281770,
8,False,,#d48a60,,,Shareholder,,is officer of,,443164,is officer of,2,9.0966428259,,1,453645,281770,
9,False,,#d48a60,,,Shareholder,,is officer of,,443165,is officer of,2,9.0966428259,,1,453648,281770,
0,False,,#d48a60,,19/06/2001,Director,,is officer of,False,69455,is officer of,2,12.6191468896,,1,667734,603136,
1,False,,#8a6960,,,,,registered,False,796185,registered,2,12.6191468896,,1,593176,603136,
0,False,,#baaba3,,,,,registered address,,329807,registered address,2,12.6191468896,,1,652373,523451,
1,False,,#8a6960,,,,,registered,,757176,registered,2,12.6191468896,,1,582674,207317,
2,False,,#baaba3,,,,,registered address,,816405,registered address,2,12.6191468896,,1,419080,523451,
3,False,,#d48a60,,,,1.0,has similar name and address as,,878482,has similar name and address as,2,12.6191468896,,1,419080,652373,
4,,,#d48a60,,,Beneficiay,,is officer of,,53704,Beneficiay,2,12.6191468896,,1,652373,207317,
5,,,#d48a60,,,Beneficial Owner,,is officer of,,68551,Beneficial Owner,2,12.6191468896,,1,419080,207317,curvedArrow
6,,2.0,#d48a60,,,Shareholder,,is officer of,,415500,Shareholder,2,12.6191468896,,1,419080,207317,curvedArrow
0,False,,#8a6960,,,,,registered,False,668054,registered,2,12.6191468896,,1,586333,253517,
1,,,#d48a60,,,Beneficiay,,is officer of,False,60215,Beneficiay,2,12.6191468896,,1,656937,253517,
2,,,#d48a60,,,Beneficial Owner,,is officer of,False,69477,Beneficial Owner,2,12.6191468896,,1,667745,253517,
3,,,#d48a60,,,Shareholder,,is officer of,False,511077,Shareholder,2,12.6191468896,,1,305614,253517,
4,,,#d48a60,,,Shareholder,,is officer of,,511078,Shareholder,2,12.6191468896,,1,295221,253517,
0,False,,#8a6960,,,,,registered,,805498,registered,2,3.72989529473,,1,588461,95824,
1,False,,#8a6960,,,,,registered,,628950,registered,2,3.72989529473,,1,594173,183658,
2,False,,#8a6960,,,,,registered,,629179,registered,2,3.72989529473,,1,594173,94400,
3,False,,#8a6960,,,,,registered,,634061,registered,2,3.72989529473,,1,594173,150577,
4,False,,#8a6960,,,,,registered,,736000,registered,2,3.72989529473,,1,594173,250268,
5,False,,#8a6960,,,,,registered,False,805599,registered,2,3.72989529473,,1,593593,185879,
6,False,,#baaba3,,,,,registered address,,249608,registered address,2,3.72989529473,,1,344068,525365,
7,False,,#baaba3,,,,,registered address,,241070,registered address,2,3.72989529473,,1,345111,576977,
8,False,,#baaba3,,,,,registered address,,248925,registered address,2,3.72989529473,,1,345113,576977,
9,False,,#baaba3,,,,,registered address,,322134,registered address,2,3.72989529473,,1,345112,576977,
10,False,,#baaba3,,,,,registered address,,871173,registered address,2,3.72989529473,,1,345108,576977,
11,False,,#baaba3,,,,,registered address,,871673,registered address,2,3.72989529473,,1,345107,576977,
12,False,,#baaba3,,,,,registered address,,286881,registered address,2,3.72989529473,,1,380589,521276,
13,False,,#baaba3,,,,,registered address,,815652,registered address,2,3.72989529473,,1,380588,521276,
14,False,,#baaba3,,,,,registered address,,292878,registered address,2,3.72989529473,,1,493221,521277,
15,False,,#d48a60,,,Shareholder,,is officer of,,35811,Shareholder,2,3.72989529473,,1,648268,95824,
16,False,,#d48a60,,,Shareholder,,is officer of,,35812,Shareholder,2,3.72989529473,,1,344068,95824,curvedArrow
17,False,,#d48a60,,,Director,,is officer of,False,68423,Director,2,3.72989529473,,1,344068,94400,
18,False,,#d48a60,,,Director,,is officer of,False,68424,Director,2,3.72989529473,,1,344068,183658,
19,False,,#d48a60,,,Director,,is officer of,False,68425,Director,2,3.72989529473,,1,344068,250268,
20,False,,#d48a60,,,Director,,is officer of,,68426,Director,2,3.72989529473,,1,344068,150577,
21,False,2.0,#d48a60,,,Director,,is officer of,,68427,Director,2,3.72989529473,,1,344068,95824,curvedArrow
22,False,,#d48a60,,,Director,,is officer of,False,68428,Director,2,3.72989529473,,1,380588,94400,
23,False,,#d48a60,,,Director,,is officer of,False,68429,Director,2,3.72989529473,,1,380588,183658,
24,False,,#d48a60,,,Director,,is officer of,False,68430,Director,2,3.72989529473,,1,380588,250268,curvedArrow
25,False,,#d48a60,,,Director,,is officer of,,68431,Director,2,3.72989529473,,1,380588,150577,
26,False,,#d48a60,,,Director,,is officer of,,68432,Director,2,3.72989529473,,1,380588,95824,
27,False,2.0,#d48a60,,,Shareholder,,is officer of,,543604,Shareholder,2,3.72989529473,,1,380588,250268,curvedArrow
28,False,,#d48a60,,,Shareholder,,is officer of,False,543603,Shareholder,2,3.72989529473,,1,380589,250268,
29,False,,#d48a60,,,Shareholder,,is officer of,,419147,Shareholder,2,3.72989529473,,1,493016,94400,
30,False,,#d48a60,,,Shareholder,,is officer of,,483771,Shareholder,2,3.72989529473,,1,493020,183658,
31,False,,#d48a60,,,Shareholder,,is officer of,,483773,Shareholder,2,3.72989529473,,1,493022,183658,
32,False,,#d48a60,,,Shareholder,,is officer of,,483774,Shareholder,2,3.72989529473,,1,493021,183658,
33,False,,#d48a60,,,Shareholder,,is officer of,,483793,Shareholder,2,3.72989529473,,1,493221,150577,
34,,,#d48a60,,,Shareholder,,is officer of,,531345,Shareholder,2,3.72989529473,,1,345107,185879,
35,,,#d48a60,,,Shareholder,,is officer of,,531346,Shareholder,2,3.72989529473,,1,345108,185879,
36,,,#d48a60,,,Shareholder,,is officer of,,531347,Shareholder,2,3.72989529473,,1,345111,185879,
37,,,#d48a60,,,Shareholder,,is officer of,,531348,Shareholder,2,3.72989529473,,1,345112,185879,
38,,,#d48a60,,,Shareholder,,is officer of,,531349,Shareholder,2,3.72989529473,,1,345113,185879,
0,False,,#d48a60,,21/01/1998,Director,,is officer of,,69466,is officer of,2,8.60564633455,,1,667740,148184,curvedArrow
1,False,,#d48a60,,21/01/1998,Director,,is officer of,False,69467,is officer of,2,8.60564633455,,1,667740,132650,curvedArrow
2,False,,#d48a60,,27/01/1998,Director,,is officer of,False,69468,is officer of,2,8.60564633455,,1,667740,71686,
3,False,2.0,#d48a60,,21/01/1998,Secretary,,is officer of,,69469,is officer of,2,8.60564633455,,1,667740,148184,curvedArrow
4,False,2.0,#d48a60,,21/01/1998,Secretary,,is officer of,False,69470,is officer of,2,8.60564633455,,1,667740,132650,curvedArrow
5,False,,#8a6960,,,,,registered,False,685720,registered,2,8.60564633455,,1,588516,132650,
6,False,,#8a6960,,,,,registered,,779216,registered,2,8.60564633455,,1,588516,71686,
7,False,,#8a6960,,,,,registered,,802261,registered,2,8.60564633455,,1,588157,148184,
0,False,,#baaba3,,,,,registered address,False,270975,registered address,2,7.39285272774,,1,331503,537456,
1,False,,#8a6960,,,,,registered,False,676347,registered,2,7.39285272774,,1,587887,57733,
2,False,,#8a6960,,,,,registered,False,694194,registered,2,7.39285272774,,1,587887,101476,
3,False,,#8a6960,,,,,registered,False,694736,registered,2,7.39285272774,,1,587887,65174,
4,False,,#8a6960,,,,,registered,False,708883,registered,2,7.39285272774,,1,587887,92277,
5,False,,#8a6960,,,,,registered,False,715958,registered,2,7.39285272774,,1,587887,203035,
6,False,,#8a6960,,,,,registered,False,727752,registered,2,7.39285272774,,1,587887,31289,
7,False,,#8a6960,,,,,registered,False,729287,registered,2,7.39285272774,,1,587887,25048,
8,False,,#8a6960,,,,,registered,False,733334,registered,2,7.39285272774,,1,587887,179891,
9,False,,#8a6960,,,,,registered,False,805912,registered,2,7.39285272774,,1,587887,259557,
10,False,,#8a6960,,,,,registered,False,665886,registered,2,7.39285272774,,1,583530,16616,
11,False,,#baaba3,,,,,registered address,False,831502,registered address,2,7.39285272774,,1,363928,557482,
12,False,,#baaba3,,,,,registered address,False,293517,registered address,2,7.39285272774,,1,309354,557869,
13,False,,#baaba3,,,,,registered address,False,827970,registered address,2,7.39285272774,,1,357071,557481,
14,False,,#baaba3,,,,,registered address,False,866344,registered address,2,7.39285272774,,1,361640,557550,
15,False,,#baaba3,,,,,registered address,False,286856,registered address,2,7.39285272774,,1,320280,558531,
16,False,,#baaba3,,,,,registered address,False,319024,registered address,2,7.39285272774,,1,383392,559232,
17,False,,#d48a60,,,Director / Shareholder,,is officer of,False,68527,Director / Shareholder,2,7.39285272774,,1,331503,16616,
18,False,,#d48a60,,,Shareholder,,is officer of,False,406180,Shareholder,2,7.39285272774,,1,331503,65174,
19,False,,#d48a60,,,Director / Shareholder,,is officer of,False,68524,Director / Shareholder,2,7.39285272774,,1,357071,16616,
20,False,,#d48a60,,,Shareholder,,is officer of,False,395415,Shareholder,2,7.39285272774,,1,383392,179891,
21,False,,#d48a60,,,Shareholder,,is officer of,False,395416,Shareholder,2,7.39285272774,,1,357071,179891,
22,False,,#d48a60,,,Shareholder,,is officer of,False,526490,Shareholder,2,7.39285272774,,1,357071,259557,
23,False,,#d48a60,,,Shareholder,,is officer of,False,543832,Shareholder,2,7.39285272774,,1,357071,25048,
24,False,,#d48a60,,,Shareholder,,is officer of,False,417834,Shareholder,2,7.39285272774,,1,320280,101476,
25,False,,#d48a60,,,Shareholder,,is officer of,False,437376,Shareholder,2,7.39285272774,,1,309354,57733,
26,False,,#d48a60,,,Director / Shareholder,,is officer of,False,68528,Director / Shareholder,2,7.39285272774,,1,497505,16616,
27,False,,#d48a60,,,Shareholder,,is officer of,False,461163,Shareholder,2,7.39285272774,,1,497505,92277,
28,False,,#d48a60,,,Director / Shareholder,,is officer of,False,68525,Director / Shareholder,2,7.39285272774,,1,363928,16616,
29,False,,#d48a60,,,Shareholder,,is officer of,False,433982,Shareholder,2,7.39285272774,,1,363928,31289,
30,False,,#d48a60,,,Director / Shareholder,,is officer of,False,68526,Director / Shareholder,2,7.39285272774,,1,361640,16616,
31,False,,#d48a60,,,Shareholder,,is officer of,False,535778,Shareholder,2,7.39285272774,,1,361640,203035,
0,False,,#baaba3,,,,,registered address,False,248898,registered address,2,9.39223596751,,1,382984,500833,
1,False,,#8a6960,,,,,registered,False,737411,registered,2,9.39223596751,,1,586036,259905,
2,False,,#baaba3,,,,,registered address,False,287992,registered address,2,9.39223596751,,1,419470,525046,
3,False,,#baaba3,,,,,registered address,False,328471,registered address,2,9.39223596751,,1,651513,500833,
4,False,,#8a6960,,,,,registered,False,764600,registered,2,9.39223596751,,1,590963,164376,
5,False,,#d48a60,,,,1.0,has similar name and address as,False,841894,has similar name and address as,2,9.39223596751,,1,382984,651513,
6,False,,#d48a60,,,Member / Shareholder,,is officer of,False,68543,Member / Shareholder,2,9.39223596751,,1,382984,259905,curvedArrow
7,False,,#d48a60,,,Owner,,is officer of,False,68544,Owner,2,9.39223596751,,1,382984,164376,
8,False,,#d48a60,,,Shareholder,,is officer of,False,467466,Shareholder,2,9.39223596751,,1,382986,259905,
9,False,2.0,#d48a60,,,Shareholder,,is officer of,False,467468,Shareholder,2,9.39223596751,,1,382984,259905,curvedArrow
10,False,,#d48a60,,,Beneficiay,,is officer of,False,52017,Beneficiay,2,9.39223596751,,1,651513,164376,
11,False,,#d48a60,,,Beneficiay,,is officer of,False,60928,Beneficiay,2,9.39223596751,,1,659264,164376,
12,False,,#d48a60,,,Shareholder,,is officer of,False,587793,Shareholder,2,9.39223596751,,1,419470,164376,
13,False,,#baaba3,,,,,registered address,False,287424,registered address,2,9.39223596751,,1,382986,572674,
0,False,,#8a6960,,,,,registered,False,622545,registered,2,12.2827156028,,1,586280,4264,
1,False,,#baaba3,,,,,registered address,,301758,registered address,2,12.2827156028,,1,484393,500243,
2,False,,#d48a60,,,Shareholder,,is officer of,False,440857,Shareholder,2,12.2827156028,,1,484392,4264,
3,False,,#d48a60,,,Shareholder,,is officer of,False,440858,Shareholder,2,12.2827156028,,1,484391,4264,
4,False,,#d48a60,,,Shareholder,,is officer of,False,440859,Shareholder,2,12.2827156028,,1,484390,4264,
5,False,,#d48a60,,,Shareholder,,is officer of,False,440860,Shareholder,2,12.2827156028,,1,484393,4264,
6,False,,#baaba3,,,,,registered address,,816665,registered address,2,12.2827156028,,1,484391,500243,
7,False,,#baaba3,,,,,registered address,,829387,registered address,2,12.2827156028,,1,484390,500243,
8,False,,#baaba3,,,,,registered address,,868116,registered address,2,12.2827156028,,1,484392,500243,
9,,,#d48a60,,01/02/2006,Owner,,is officer of,False,69556,Owner,2,12.2827156028,,1,667775,4264,
0,False,,#baaba3,,,,,registered address,False,330718,registered address,2,5.16688762283,,1,653905,535279,
1,False,,#baaba3,,,,,registered address,False,826955,registered address,2,5.16688762283,,1,464828,535279,
2,False,,#d48a60,,,,1.0,has similar name and address as,False,879410,has similar name and address as,2,5.16688762283,,1,464828,653905,
3,False,,#8a6960,,,,,registered,False,763379,registered,2,5.16688762283,,1,586404,226781,
4,False,,#8a6960,,,,,registered,False,763754,registered,2,5.16688762283,,1,586404,181835,
5,False,,#8a6960,,,,,registered,False,764892,registered,2,5.16688762283,,1,586404,190927,
6,False,,#d48a60,,,Beneficiay,,is officer of,False,54813,Beneficiay,2,5.16688762283,,1,653905,226781,
7,False,,#d48a60,,,Owner,,is officer of,False,68569,Owner,2,5.16688762283,,1,464828,181835,
8,False,,#d48a60,,,Owner,,is officer of,False,68570,Owner,2,5.16688762283,,1,464828,190927,curvedArrow
9,False,,#d48a60,,,Owner,,is officer of,False,68571,Owner,2,5.16688762283,,1,464828,226781,curvedArrow
10,False,,#d48a60,,,Owner,,is officer of,False,68574,Owner,2,5.16688762283,,1,417090,226781,
11,False,2.0,#d48a60,,,Shareholder,,is officer of,False,450557,Shareholder,2,5.16688762283,,1,464828,190927,curvedArrow
12,False,2.0,#d48a60,,,Shareholder,,is officer of,False,602503,Shareholder,2,5.16688762283,,1,464828,226781,curvedArrow
13,False,,#d48a60,,,Beneficiay,,is officer of,False,53073,Beneficiay,2,5.16688762283,,1,651507,181835,
14,False,,#d48a60,,,Owner,,is officer of,False,68572,Owner,2,5.16688762283,,1,417090,181835,curvedArrow
15,False,,#baaba3,,,,,registered address,False,329304,registered address,2,5.16688762283,,1,651507,667158,
16,False,2.0,#d48a60,,,Shareholder,,is officer of,False,583235,Shareholder,2,5.16688762283,,1,417090,181835,curvedArrow
17,False,,#d48a60,,,Owner,,is officer of,False,68573,Owner,2,5.16688762283,,1,417090,190927,
18,False,,#baaba3,,,,,registered address,False,869678,registered address,2,5.16688762283,,1,417090,525319,
19,False,,#d48a60,,,Beneficiay,,is officer of,False,51088,Beneficiay,2,5.16688762283,,1,652036,226781,
20,False,,#d48a60,,,Power of Attorney,,is officer of,False,68492,Power of Attorney,2,5.16688762283,,1,464829,190927,curvedArrow
21,False,,#d48a60,,,Power of Attorney / Shareholder,,is officer of,False,68494,Power of Attorney / Shareholder,2,5.16688762283,,1,464829,226781,curvedArrow
22,False,,#baaba3,,,,,registered address,False,241640,registered address,2,5.16688762283,,1,464829,535279,
23,False,,#baaba3,,,,,registered address,False,327779,registered address,2,5.16688762283,,1,652036,535279,
24,False,2.0,#d48a60,,,Shareholder,,is officer of,False,450561,Shareholder,2,5.16688762283,,1,464829,190927,curvedArrow
25,False,2.0,#d48a60,,,Shareholder,,is officer of,False,602504,Shareholder,2,5.16688762283,,1,464829,226781,curvedArrow
26,False,,#d48a60,,,,1.0,has similar name and address as,False,841342,has similar name and address as,2,5.16688762283,,1,464829,652036,
27,False,,#d48a60,,,Shareholder,,is officer of,False,450558,Shareholder,2,5.16688762283,,1,464824,190927,
28,False,,#d48a60,,,Shareholder,,is officer of,False,450559,Shareholder,2,5.16688762283,,1,464827,190927,
29,False,,#d48a60,,,Shareholder,,is officer of,False,450560,Shareholder,2,5.16688762283,,1,464826,190927,
30,False,,#d48a60,,,Shareholder,,is officer of,False,450562,Shareholder,2,5.16688762283,,1,464825,190927,
31,,,#d48a60,,,Shareholder,,is officer of,False,602505,Shareholder,2,5.16688762283,,1,465036,226781,
32,,,#d48a60,,,Shareholder,,is officer of,False,602506,Shareholder,2,5.16688762283,,1,465033,226781,
33,,,#d48a60,,,Shareholder,,is officer of,False,602507,Shareholder,2,5.16688762283,,1,465035,226781,
34,,,#d48a60,,,Shareholder,,is officer of,False,602508,Shareholder,2,5.16688762283,,1,465034,226781,
0,,,#d48a60,,,Shareholder,,is officer of,False,27500,Shareholder,2,12.6191468896,,1,389453,13923,
1,,,#d48a60,,,Shareholder,,is officer of,False,27501,Shareholder,2,12.6191468896,,1,389454,13923,curvedArrow
2,,2.0,#d48a60,,,Shareholder,,is officer of,,68523,Shareholder,2,12.6191468896,,1,389454,13923,curvedArrow
3,,,#baaba3,,,,,registered address,False,256070,registered address,2,12.6191468896,,1,389454,537152,
4,,,#8a6960,,,,,registered,False,737655,registered,2,12.6191468896,,1,581038,13923,
5,,,#baaba3,,,,,registered address,,830115,registered address,2,12.6191468896,,1,389453,553679,
0,False,,#8a6960,,,,,registered,False,745062,registered,2,5.95821114819,,1,587362,177696,
1,False,,#8a6960,,,,,registered,False,748119,registered,2,5.95821114819,,1,587362,249058,
2,False,,#8a6960,,,,,registered,False,749010,registered,2,5.95821114819,,1,587362,97508,
3,False,,#8a6960,,,,,registered,False,753768,registered,2,5.95821114819,,1,587362,265251,
4,False,,#8a6960,,,,,registered,False,755353,registered,2,5.95821114819,,1,587362,74678,
5,False,,#8a6960,,,,,registered,False,755541,registered,2,5.95821114819,,1,587362,167964,
6,False,,#8a6960,,,,,registered,False,757307,registered,2,5.95821114819,,1,587362,148374,
7,False,,#8a6960,,,,,registered,False,757818,registered,2,5.95821114819,,1,587362,238872,
8,False,,#8a6960,,,,,registered,False,768505,registered,2,5.95821114819,,1,587362,3562,
9,False,,#8a6960,,,,,registered,False,771616,registered,2,5.95821114819,,1,587362,47850,
10,False,,#8a6960,,,,,registered,False,772031,registered,2,5.95821114819,,1,587362,5603,
11,False,,#8a6960,,,,,registered,False,772453,registered,2,5.95821114819,,1,587362,52240,
12,False,,#8a6960,,,,,registered,False,773266,registered,2,5.95821114819,,1,587362,200179,
13,False,,#8a6960,,,,,registered,False,779394,registered,2,5.95821114819,,1,587362,205152,
14,False,,#8a6960,,,,,registered,False,814060,registered,2,5.95821114819,,1,587362,153699,
15,False,,#d48a60,,,Beneficiay,,is officer of,False,61100,Beneficiay,2,5.95821114819,,1,661272,249058,
16,False,,#d48a60,,,Beneficiay,,is officer of,False,53058,Beneficiay,2,5.95821114819,,1,651505,265251,
17,False,,#d48a60,,,Beneficiay,,is officer of,False,53060,Beneficiay,2,5.95821114819,,1,651505,74678,
18,False,,#d48a60,,,Beneficiay,,is officer of,False,53057,Beneficiay,2,5.95821114819,,1,651505,97508,
19,False,,#d48a60,,,Beneficiay,,is officer of,False,53061,Beneficiay,2,5.95821114819,,1,651505,167964,
20,False,,#d48a60,,,Beneficiay,,is officer of,False,53059,Beneficiay,2,5.95821114819,,1,651505,177696,
21,False,,#d48a60,,,Beneficiay,,is officer of,,53056,Beneficiay,2,5.95821114819,,1,651505,238872,
22,False,,#d48a60,,,Beneficial Owner,,is officer of,False,68462,Beneficial Owner,2,5.95821114819,,1,410006,265251,
23,False,,#d48a60,,,Beneficial Owner,,is officer of,False,68463,Beneficial Owner,2,5.95821114819,,1,410006,74678,curvedArrow
24,False,2.0,#d48a60,,,Shareholder,,is officer of,False,580391,Shareholder,2,5.95821114819,,1,410006,74678,curvedArrow
25,False,,#d48a60,,,Beneficial Owner,,is officer of,,68460,Beneficial Owner,2,5.95821114819,,1,410006,97508,
26,False,,#d48a60,,,Beneficial Owner,,is officer of,False,68461,Beneficial Owner,2,5.95821114819,,1,410006,249058,
27,False,,#d48a60,,,Beneficial Owner,,is officer of,,68459,Beneficial Owner,2,5.95821114819,,1,410006,177696,
28,False,,#d48a60,,,Beneficial Owner,,is officer of,False,68464,Beneficial Owner,2,5.95821114819,,1,410006,167964,
29,False,,#d48a60,,,Beneficial Owner,,is officer of,False,68468,Beneficial Owner,2,5.95821114819,,1,410006,52240,
30,False,,#d48a60,,,Beneficial Owner,,is officer of,False,68465,Beneficial Owner,2,5.95821114819,,1,410006,238872,
31,False,,#d48a60,,,Beneficial Owner,,is officer of,False,68467,Beneficial Owner,2,5.95821114819,,1,410006,47850,
32,False,,#d48a60,,,Beneficial Owner,,is officer of,False,68469,Beneficial Owner,2,5.95821114819,,1,410006,153699,
33,False,,#d48a60,,,Beneficial Owner,,is officer of,False,68470,Beneficial Owner,2,5.95821114819,,1,410006,205152,
34,False,,#d48a60,,,Beneficial Owner,,is officer of,False,68466,Beneficial Owner,2,5.95821114819,,1,410006,3562,
35,False,,#d48a60,,,Beneficial Owner,,is officer of,False,68474,Beneficial Owner,2,5.95821114819,,1,407761,265251,
36,False,,#d48a60,,,Beneficial Owner,,is officer of,False,68475,Beneficial Owner,2,5.95821114819,,1,407761,74678,
37,False,,#d48a60,,,Beneficial Owner,,is officer of,False,68472,Beneficial Owner,2,5.95821114819,,1,407761,97508,
38,False,,#d48a60,,,Shareholder,,is officer of,False,390692,Shareholder,2,5.95821114819,,1,407761,249058,curvedArrow
39,False,2.0,#d48a60,,,Beneficial Owner,,is officer of,False,68473,Beneficial Owner,2,5.95821114819,,1,407761,249058,curvedArrow
40,False,,#d48a60,,,Beneficial Owner,,is officer of,False,68471,Beneficial Owner,2,5.95821114819,,1,407761,177696,
41,False,,#d48a60,,,Beneficial Owner,,is officer of,,68476,Beneficial Owner,2,5.95821114819,,1,407761,167964,
42,False,,#d48a60,,,Beneficial Owner,,is officer of,,68480,Beneficial Owner,2,5.95821114819,,1,407761,52240,
43,False,,#d48a60,,,Beneficial Owner,,is officer of,,68477,Beneficial Owner,2,5.95821114819,,1,407761,238872,
44,False,,#d48a60,,,Beneficial Owner,,is officer of,False,68479,Beneficial Owner,2,5.95821114819,,1,407761,47850,
45,False,,#d48a60,,,Beneficial Owner,,is officer of,,68481,Beneficial Owner,2,5.95821114819,,1,407761,153699,
46,False,,#d48a60,,,Beneficial Owner,,is officer of,False,68482,Beneficial Owner,2,5.95821114819,,1,407761,205152,
47,False,,#d48a60,,,Beneficial Owner,,is officer of,,68478,Beneficial Owner,2,5.95821114819,,1,407761,3562,
0,,,#8a6960,,,,,registered,False,729464,registered,2,12.6191468896,,1,585287,193820,
1,,,#d48a60,13/07/2013,15/07/2010,Power of attorney,,is officer of,False,69525,Power of attorney,2,12.6191468896,,1,667758,193820,
2,,,#d48a60,,,Shareholder,,is officer of,False,845339,Shareholder,2,12.6191468896,,1,460599,193820,
3,,,#d48a60,,,Shareholder,,is officer of,False,845340,Shareholder,2,12.6191468896,,1,460600,193820,
0,False,,#baaba3,,,,,registered address,False,240066,registered address,2,12.6191468896,,1,295053,575916,
1,False,,#8a6960,,,,,registered,False,787796,registered,2,12.6191468896,,1,590963,148166,
2,False,,#d48a60,,,Shareholder,,is officer of,False,460279,Shareholder,2,12.6191468896,,1,295053,148166,
0,False,,#8a6960,,,,,registered,False,611930,registered,2,12.6191468896,,1,590714,39358,
1,,,#d48a60,,08/08/1974,Director,,is officer of,False,69448,Director,2,12.6191468896,,1,667729,39358,curvedArrow
2,,2.0,#d48a60,,08/08/1974,President,,is officer of,,69449,President,2,12.6191468896,,1,667729,39358,curvedArrow
0,False,,#8a6960,,,,,registered,False,617702,registered,2,12.6191468896,,1,588376,215525,
1,,,#d48a60,,14/12/1999,Director,,is officer of,False,69458,Director,2,12.6191468896,,1,667735,215525,curvedArrow
2,,2.0,#d48a60,,14/12/1999,Secretary,,is officer of,False,69459,Secretary,2,12.6191468896,,1,667735,215525,curvedArrow
